place_count,distict_ratings,good_rating_count,all_ratings_equal_or_below_five,any_rating_exactly_five,avg_rating,rating_count,rating_covar_pop,rating_covar_samp,rating_stddev_pop,rating_stddev_samp,rating_var_pop,rating_var_samp,mesh1kmid,geo
5,4,1,true,false,3.66,479,-9.8679999999999861,-12.334999999999983,0.25768197453450242,0.28809720581775861,0.066399999999999959,0.082999999999999949,53392557,"POLYGON((139.725 35.55, 139.7125 35.55, 139.7125 35.5416666666667, 139.725 35.5416666666667, 139.725 35.55))"
30,12,3,true,false,3.6966666666666672,16476,58.240666666666634,60.248965517241352,0.35259356520251772,0.35862124226305769,0.12432222222222211,0.12860919540229873,53393579,"POLYGON((139.75 35.65, 139.7375 35.65, 139.7375 35.6416666666667, 139.75 35.6416666666667, 139.75 35.65))"
19,9,3,true,false,3.888235294117647,5555,44.479584775086508,47.259558823529417,0.35127055592549672,0.36208140131256467,0.12339100346020752,0.13110294117647051,53394528,"POLYGON((139.7375 35.6916666666667, 139.725 35.6916666666667, 139.725 35.6833333333333, 139.7375 35.6833333333333, 139.7375 35.6916666666667))"
8,7,2,true,false,3.7374999999999994,1862,19.971874999999997,22.824999999999996,0.51946486887950349,0.55533130394644314,0.26984374999999977,0.30839285714285686,53394588,"POLYGON((139.7375 35.7416666666667, 139.725 35.7416666666667, 139.725 35.7333333333333, 139.7375 35.7333333333333, 139.7375 35.7416666666667))"
12,8,4,true,true,4.0,3097,-28.400000000000009,-31.240000000000009,0.41120665010540514,0.43127717305695651,0.16909090909090907,0.186,53394597,"POLYGON((139.725 35.75, 139.7125 35.75, 139.7125 35.7416666666667, 139.725 35.7416666666667, 139.725 35.75))"
17,9,4,true,false,3.4647058823529413,4654,62.350519031141857,66.247426470588223,0.76845236101001635,0.79210256317489292,0.59051903114186854,0.62742647058823531,53394692,"POLYGON((139.7875 35.75, 139.775 35.75, 139.775 35.7416666666667, 139.7875 35.7416666666667, 139.7875 35.75))"
6,6,1,true,false,3.45,1247,2.5583333333333229,3.0699999999999874,0.41129875597510229,0.45055521304275253,0.16916666666666674,0.20300000000000012,53395317,"POLYGON((139.475 35.7666666666667, 139.4625 35.7666666666667, 139.4625 35.7583333333333, 139.475 35.7583333333333, 139.475 35.7666666666667))"
9,6,4,true,false,3.9444444444444446,2499,-16.351851851851848,-18.395833333333329,0.22662308949301266,0.2403700850309326,0.051358024691358022,0.057777777777777775,53395617,"POLYGON((139.85 35.7666666666667, 139.8375 35.7666666666667, 139.8375 35.7583333333333, 139.85 35.7583333333333, 139.85 35.7666666666667))"
6,5,3,true,false,3.9666666666666668,2838,17.150000000000034,20.580000000000041,0.41096093353126512,0.45018514709691021,0.16888888888888889,0.20266666666666669,53393479,"POLYGON((139.625 35.65, 139.6125 35.65, 139.6125 35.6416666666667, 139.625 35.6416666666667, 139.625 35.65))"
11,8,1,true,false,3.6454545454545455,4975,-49.412396694214884,-54.353636363636369,0.21893808325076891,0.22962419891481972,0.047933884297520622,0.052727272727272692,53393539,"POLYGON((139.75 35.6166666666667, 139.7375 35.6166666666667, 139.7375 35.6083333333333, 139.75 35.6083333333333, 139.75 35.6166666666667))"
13,7,3,true,false,3.8692307692307697,8857,-10.444378698224813,-11.314743589743548,0.26713469775669763,0.27804260879888959,0.07136094674556219,0.077307692307692369,53393547,"POLYGON((139.725 35.625, 139.7125 35.625, 139.7125 35.6166666666667, 139.725 35.6166666666667, 139.725 35.625))"
13,10,1,true,false,3.7076923076923074,5628,36.408284023668621,39.442307692307672,0.4066023165046927,0.423205108785993,0.1653254437869823,0.17910256410256417,53393558,"POLYGON((139.7375 35.6333333333333, 139.725 35.6333333333333, 139.725 35.625, 139.7375 35.625, 139.7375 35.6333333333333))"
5,5,2,true,false,3.9,2256,29.95999999999993,37.44999999999991,0.28284271247461878,0.31622776601683766,0.079999999999999877,0.099999999999999839,53393597,"POLYGON((139.725 35.6666666666667, 139.7125 35.6666666666667, 139.7125 35.6583333333333, 139.725 35.6583333333333, 139.725 35.6666666666667))"
10,8,4,true,false,3.8699999999999997,2950,-14.77,-16.411111111111111,0.38483762809787714,0.40565447804203458,0.14809999999999998,0.16455555555555554,53394311,"POLYGON((139.4 35.6833333333333, 139.3875 35.6833333333333, 139.3875 35.675, 139.4 35.675, 139.4 35.6833333333333))"
13,8,1,true,false,3.7166666666666668,5699,29.134722222222241,31.783333333333356,0.23033791601808773,0.24058010698889459,0.053055555555555634,0.057878787878787967,53394605,"POLYGON((139.825 35.675, 139.8125 35.675, 139.8125 35.6666666666667, 139.825 35.6666666666667, 139.825 35.675))"
5,5,3,true,false,4.06,1353,11.724000000000014,14.655000000000019,0.1854723699099142,0.20736441353327734,0.034400000000000042,0.043000000000000052,53394661,"POLYGON((139.775 35.725, 139.7625 35.725, 139.7625 35.7166666666667, 139.775 35.7166666666667, 139.775 35.725))"
14,7,3,true,false,3.8500000000000005,5584,-3.6785714285715,-3.9615384615385381,0.25,0.25943726083138541,0.062500000000000014,0.067307692307692318,53395604,"POLYGON((139.8125 35.7583333333333, 139.8 35.7583333333333, 139.8 35.75, 139.8125 35.75, 139.8125 35.7583333333333))"
6,5,0,true,false,3.6666666666666665,2304,27.88333333333329,33.459999999999944,0.20548046676563256,0.22509257354845513,0.04222222222222223,0.050666666666666679,53393474,"POLYGON((139.5625 35.65, 139.55 35.65, 139.55 35.6416666666667, 139.5625 35.6416666666667, 139.5625 35.65))"
5,3,1,true,false,3.8666666666666667,1508,5.4222222222222136,8.13333333333332,0.24944382578492952,0.30550504633038944,0.062222222222222262,0.0933333333333334,53393587,"POLYGON((139.725 35.6583333333333, 139.7125 35.6583333333333, 139.7125 35.65, 139.725 35.65, 139.725 35.6583333333333))"
9,5,4,true,false,3.9555555555555557,2935,-1.7172839506173454,-1.9319444444445135,0.21659542988464364,0.22973414586817034,0.046913580246913576,0.052777777777777771,53394434,"POLYGON((139.5625 35.7, 139.55 35.7, 139.55 35.6916666666667, 139.5625 35.6916666666667, 139.5625 35.7))"
7,4,3,true,false,3.9571428571428573,3283,60.371428571428567,70.433333333333323,0.23211538298959875,0.25071326821120338,0.053877551020408108,0.062857142857142792,53394613,"POLYGON((139.8 35.6833333333333, 139.7875 35.6833333333333, 139.7875 35.675, 139.8 35.675, 139.8 35.6833333333333))"
47,13,17,true,false,3.9744680851063823,23114,16.69882299683114,17.061840888066598,0.2927987364133755,0.29596422015417817,0.085731100045269334,0.08759481961147085,53394630,"POLYGON((139.7625 35.7, 139.75 35.7, 139.75 35.6916666666667, 139.7625 35.6916666666667, 139.7625 35.7))"
33,12,8,true,false,3.8312500000000003,36094,228.45195312500007,235.821370967742,0.34226953925232678,0.34774619962673753,0.11714843750000008,0.12092741935483879,53394652,"POLYGON((139.7875 35.7166666666667, 139.775 35.7166666666667, 139.775 35.7083333333333, 139.7875 35.7083333333333, 139.7875 35.7166666666667))"
8,6,1,true,false,3.6125,2311,-11.09843750000001,-12.683928571428583,0.34437443284889774,0.36815175442433284,0.11859374999999998,0.13553571428571426,53394698,"POLYGON((139.8625 35.75, 139.85 35.75, 139.85 35.7416666666667, 139.8625 35.7416666666667, 139.8625 35.75))"
23,10,4,true,false,3.7818181818181822,10923,55.231818181818227,57.86190476190481,0.35372866287897675,0.36205282913167669,0.12512396694214878,0.13108225108225108,53393586,"POLYGON((139.7125 35.6583333333333, 139.7 35.6583333333333, 139.7 35.65, 139.7125 35.65, 139.7125 35.6583333333333))"
16,10,4,true,false,3.7812499999999996,3511,15.276953124999999,16.295416666666664,0.39877742852373171,0.41185555720422173,0.15902343749999998,0.16962499999999997,53394473,"POLYGON((139.55 35.7333333333333, 139.5375 35.7333333333333, 139.5375 35.725, 139.55 35.725, 139.55 35.7333333333333))"
23,11,7,true,false,3.8304347826086955,9396,80.344990548204137,83.9970355731225,0.35561921820310483,0.36361165923987893,0.12646502835538748,0.13221343873517782,53394509,"POLYGON((139.75 35.675, 139.7375 35.675, 139.7375 35.6666666666667, 139.75 35.6666666666667, 139.75 35.675))"
11,8,2,true,false,3.7909090909090906,2460,-16.021487603305768,-17.623636363636344,0.334268660197277,0.35058392848088593,0.11173553719008267,0.12290909090909094,53394625,"POLYGON((139.825 35.6916666666667, 139.8125 35.6916666666667, 139.8125 35.6833333333333, 139.825 35.6833333333333, 139.825 35.6916666666667))"
8,4,2,true,true,4.128571428571429,2869,-30.424489795918213,-35.495238095237916,0.38808793449160356,0.41918287860346309,0.15061224489795916,0.17571428571428568,53395636,"POLYGON((139.8375 35.7833333333333, 139.825 35.7833333333333, 139.825 35.775, 139.8375 35.775, 139.8375 35.7833333333333))"
7,6,2,true,false,3.8571428571428568,1735,-37.506122448979582,-43.757142857142846,0.37742413753208315,0.40766466144427616,0.14244897959183681,0.16619047619047628,53393467,"POLYGON((139.6 35.6416666666667, 139.5875 35.6416666666667, 139.5875 35.6333333333333, 139.6 35.6333333333333, 139.6 35.6416666666667))"
14,9,4,true,false,3.8666666666666667,2746,-56.330555555555542,-61.451515151515132,0.53281224543819261,0.55650424050223524,0.28388888888888886,0.30969696969696964,53393526,"POLYGON((139.7125 35.6083333333333, 139.7 35.6083333333333, 139.7 35.6, 139.7125 35.6, 139.7125 35.6083333333333))"
7,6,2,true,false,3.7714285714285709,3070,46.473469387755017,54.219047619047522,0.36922422809485944,0.39880774697543037,0.13632653061224478,0.15904761904761891,53394441,"POLYGON((139.525 35.7083333333333, 139.5125 35.7083333333333, 139.5125 35.7, 139.525 35.7, 139.525 35.7083333333333))"
14,10,4,true,false,3.8428571428571425,4961,35.577551020408166,38.314285714285717,0.451528017979403,0.46857276869280345,0.20387755102040808,0.21956043956043947,53394596,"POLYGON((139.7125 35.75, 139.7 35.75, 139.7 35.7416666666667, 139.7125 35.7416666666667, 139.7125 35.75))"
5,4,1,true,false,3.68,1631,37.383999999999965,46.729999999999954,0.29933259094191533,0.33466401061363021,0.0896,0.112,53395615,"POLYGON((139.825 35.7666666666667, 139.8125 35.7666666666667, 139.8125 35.7583333333333, 139.825 35.7583333333333, 139.825 35.7666666666667))"
6,6,2,true,false,3.75,1751,-31.958333333333353,-38.350000000000023,0.33040379335998354,0.36193922141707718,0.10916666666666669,0.13100000000000003,53392347,"POLYGON((139.475 35.5416666666667, 139.4625 35.5416666666667, 139.4625 35.5333333333333, 139.475 35.5333333333333, 139.475 35.5416666666667))"
8,7,3,true,false,3.9875,3443,27.929687500000007,31.919642857142865,0.25217801252290023,0.26958963523950891,0.063593750000000018,0.072678571428571453,53393530,"POLYGON((139.6375 35.6166666666667, 139.625 35.6166666666667, 139.625 35.6083333333333, 139.6375 35.6083333333333, 139.6375 35.6166666666667))"
11,7,4,true,false,3.6545454545454548,5661,129.03801652892562,141.94181818181818,0.90188049638079337,0.94590024459626443,0.81338842975206627,0.89472727272727293,53393588,"POLYGON((139.7375 35.6583333333333, 139.725 35.6583333333333, 139.725 35.65, 139.7375 35.65, 139.7375 35.6583333333333))"
57,20,26,true,false,3.9561403508771931,37400,91.707910126192644,93.345551378446089,0.46112659290871105,0.4652255765676816,0.21263773468759614,0.21643483709273179,53393595,"POLYGON((139.7 35.6666666666667, 139.6875 35.6666666666667, 139.6875 35.6583333333333, 139.7 35.6583333333333, 139.7 35.6666666666667))"
31,17,15,true,false,4.0322580645161281,20226,261.01768990634758,269.7182795698925,0.47748473833012633,0.48537758276362764,0.22799167533818923,0.2355913978494622,53393596,"POLYGON((139.7125 35.6666666666667, 139.7 35.6666666666667, 139.7 35.6583333333333, 139.7125 35.6583333333333, 139.7125 35.6666666666667))"
7,6,2,true,false,3.9142857142857146,2598,68.255102040816325,79.63095238095238,0.29485382057928994,0.31847852585154218,0.0869387755102041,0.10142857142857144,53394542,"POLYGON((139.6625 35.7083333333333, 139.65 35.7083333333333, 139.65 35.7, 139.6625 35.7, 139.6625 35.7083333333333))"
15,9,7,true,false,3.9357142857142859,4240,30.540816326530582,32.890109890109855,0.56645153979733831,0.58783454351496778,0.3208673469387755,0.34554945054945058,53394544,"POLYGON((139.6875 35.7083333333333, 139.675 35.7083333333333, 139.675 35.7, 139.6875 35.7, 139.6875 35.7083333333333))"
26,11,8,true,false,3.8846153846153855,12267,34.293195266272186,35.664923076923074,0.30088626485550679,0.30684498717405523,0.090532544378698177,0.0941538461538461,53394578,"POLYGON((139.7375 35.7333333333333, 139.725 35.7333333333333, 139.725 35.725, 139.7375 35.725, 139.7375 35.7333333333333))"
5,5,2,true,false,3.96,1145,43.180000000000049,53.975000000000065,0.28705400188814656,0.32093613071762433,0.082400000000000057,0.10300000000000006,53394675,"POLYGON((139.825 35.7333333333333, 139.8125 35.7333333333333, 139.8125 35.725, 139.825 35.725, 139.825 35.7333333333333))"
17,10,5,true,false,3.8294117647058821,2908,-3.7193771626297316,-3.95183823529409,0.4126880403950679,0.42538909524450819,0.17031141868512117,0.18095588235294124,53394780,"POLYGON((139.8875 35.7416666666667, 139.875 35.7416666666667, 139.875 35.7333333333333, 139.8875 35.7333333333333, 139.8875 35.7416666666667))"
6,5,1,true,false,3.8333333333333335,494,3.2055555555555446,3.8466666666666534,0.27487370837451058,0.30110906108363228,0.075555555555555487,0.09066666666666659,53393398,"POLYGON((139.4875 35.6666666666667, 139.475 35.6666666666667, 139.475 35.6583333333333, 139.4875 35.6583333333333, 139.4875 35.6666666666667))"
8,7,4,true,false,3.8249999999999997,4468,146.8499999999998,167.82857142857119,0.41758232721225164,0.446414285485707,0.174375,0.19928571428571429,53393456,"POLYGON((139.5875 35.6333333333333, 139.575 35.6333333333333, 139.575 35.625, 139.5875 35.625, 139.5875 35.6333333333333))"
16,10,5,true,false,3.7937499999999997,7029,58.101953125000023,61.975416666666689,0.50555507860172855,0.52213504000402033,0.25558593749999997,0.27262499999999995,53394604,"POLYGON((139.8125 35.675, 139.8 35.675, 139.8 35.6666666666667, 139.8125 35.6666666666667, 139.8125 35.675))"
5,3,2,true,false,3.9999999999999996,1106,-9.2799999999999923,-11.599999999999991,0.21908902300206631,0.24494897427831766,0.047999999999999939,0.059999999999999921,53395215,"POLYGON((139.325 35.7666666666667, 139.3125 35.7666666666667, 139.3125 35.7583333333333, 139.325 35.7583333333333, 139.325 35.7666666666667))"
5,4,1,true,false,3.7,1333,15.379999999999951,19.224999999999937,0.29664793948382617,0.33166247903553964,0.0879999999999998,0.10999999999999975,53395641,"POLYGON((139.775 35.7916666666667, 139.7625 35.7916666666667, 139.7625 35.7833333333333, 139.775 35.7833333333333, 139.775 35.7916666666667))"
11,7,1,true,false,3.6818181818181817,5053,69.388429752066145,76.327272727272756,0.24052284646041733,0.2522624895547565,0.057851239669421489,0.06363636363636363,53392598,"POLYGON((139.7375 35.5833333333333, 139.725 35.5833333333333, 139.725 35.575, 139.7375 35.575, 139.7375 35.5833333333333))"
19,10,6,true,false,3.8944444444444444,8987,17.951543209876554,19.007516339869291,0.33245254000838176,0.34209084143082469,0.11052469135802466,0.11702614379084963,53393286,"POLYGON((139.3375 35.6583333333333, 139.325 35.6583333333333, 139.325 35.65, 139.3375 35.65, 139.3375 35.6583333333333))"
27,13,7,true,false,3.7666666666666666,11720,2.283950617283927,2.3717948717948474,0.38005847503304596,0.38729833462074165,0.14444444444444443,0.14999999999999997,53393528,"POLYGON((139.7375 35.6083333333333, 139.725 35.6083333333333, 139.725 35.6, 139.7375 35.6, 139.7375 35.6083333333333))"
22,10,7,true,false,3.9714285714285724,9088,17.140816326530643,17.997857142857178,0.36271838366746739,0.37167574193489822,0.13156462585034007,0.13814285714285707,53394527,"POLYGON((139.725 35.6916666666667, 139.7125 35.6916666666667, 139.7125 35.6833333333333, 139.725 35.6833333333333, 139.725 35.6916666666667))"
26,9,1,true,false,3.7423076923076914,10049,18.863461538461568,19.618000000000031,0.304040833445718,0.310062028533746,0.092440828402366823,0.096138461538461492,53394549,"POLYGON((139.75 35.7083333333333, 139.7375 35.7083333333333, 139.7375 35.7, 139.75 35.7, 139.75 35.7083333333333))"
12,8,7,true,false,3.958333333333333,2222,12.106944444444458,13.207575757575773,0.40918278990636386,0.42737748554587557,0.1674305555555555,0.18265151515151509,53394555,"POLYGON((139.7 35.7166666666667, 139.6875 35.7166666666667, 139.6875 35.7083333333333, 139.7 35.7083333333333, 139.7 35.7166666666667))"
14,9,2,true,false,3.7357142857142849,3002,-25.42244897959182,-27.378021978021959,0.32427312750903325,0.33651412784868062,0.10515306122448974,0.11324175824175818,53394589,"POLYGON((139.75 35.7416666666667, 139.7375 35.7416666666667, 139.7375 35.7333333333333, 139.75 35.7333333333333, 139.75 35.7416666666667))"
6,5,1,true,false,3.4833333333333334,1772,109.83888888888889,131.80666666666667,0.48448139512495442,0.53072277760302189,0.23472222222222222,0.28166666666666662,53394742,"POLYGON((139.9125 35.7083333333333, 139.9 35.7083333333333, 139.9 35.7, 139.9125 35.7, 139.9125 35.7083333333333))"
17,10,2,true,false,3.73125,5010,35.289843750000024,37.642500000000027,0.31368525228324007,0.32397273547836292,0.098398437499999977,0.10495833333333331,53395653,"POLYGON((139.8 35.8, 139.7875 35.8, 139.7875 35.7916666666667, 139.8 35.7916666666667, 139.8 35.8))"
14,9,3,true,false,3.7571428571428567,3701,-13.834693877551009,-14.898901098901089,0.33319725113401716,0.34577512860302656,0.11102040816326531,0.11956043956043956,53392568,"POLYGON((139.7375 35.5583333333333, 139.725 35.5583333333333, 139.725 35.55, 139.7375 35.55, 139.7375 35.5583333333333))"
5,3,0,true,false,3.18,342,31.768,39.71,0.71665891468675669,0.80124902496040529,0.51360000000000006,0.64200000000000013,53393653,"POLYGON((139.8 35.6333333333333, 139.7875 35.6333333333333, 139.7875 35.625, 139.8 35.625, 139.8 35.6333333333333))"
13,9,3,true,false,3.6230769230769235,4088,2.5739644970414117,2.7884615384615294,0.40979140313437529,0.42652441538917413,0.16792899408284007,0.18192307692307674,53393699,"POLYGON((139.875 35.6666666666667, 139.8625 35.6666666666667, 139.8625 35.6583333333333, 139.875 35.6583333333333, 139.875 35.6666666666667))"
9,8,2,true,false,3.8,2468,36.766666666666694,41.362500000000033,0.31269438398822857,0.33166247903553991,0.097777777777777741,0.10999999999999996,53394307,"POLYGON((139.475 35.675, 139.4625 35.675, 139.4625 35.6666666666667, 139.475 35.6666666666667, 139.475 35.675))"
8,6,1,true,false,3.6375,1274,-7.3718750000000055,-8.425000000000006,0.35685256059050507,0.38149143409218822,0.12734375000000009,0.14553571428571438,53394335,"POLYGON((139.45 35.7, 139.4375 35.7, 139.4375 35.6916666666667, 139.45 35.6916666666667, 139.45 35.7))"
12,7,5,true,true,4.0272727272727273,5435,-94.211570247933864,-103.63272727272724,0.50468875933752777,0.52932203636521524,0.254710743801653,0.28018181818181825,53394651,"POLYGON((139.775 35.7166666666667, 139.7625 35.7166666666667, 139.7625 35.7083333333333, 139.775 35.7083333333333, 139.775 35.7166666666667))"
5,5,2,true,false,3.94,553,-11.284000000000006,-14.105000000000008,0.397994974842648,0.44497190922573987,0.15840000000000004,0.19800000000000006,53394682,"POLYGON((139.7875 35.7416666666667, 139.775 35.7416666666667, 139.775 35.7333333333333, 139.7875 35.7333333333333, 139.7875 35.7416666666667))"
16,7,6,true,false,3.7937499999999993,2532,7.2515625000000057,7.7350000000000056,0.50431729843422968,0.52085666614402326,0.25433593749999983,0.27129166666666649,53393296,"POLYGON((139.3375 35.6666666666667, 139.325 35.6666666666667, 139.325 35.6583333333333, 139.3375 35.6583333333333, 139.3375 35.6666666666667))"
5,5,1,true,false,3.66,1029,8.27200000000001,10.340000000000011,0.52383203414835178,0.58566201857385281,0.2744,0.34299999999999997,53393343,"POLYGON((139.425 35.625, 139.4125 35.625, 139.4125 35.6166666666667, 139.425 35.6166666666667, 139.425 35.625))"
12,7,2,true,false,3.8916666666666666,6534,19.07916666666668,20.813636363636377,0.16562172428626487,0.17298624923456316,0.027430555555555538,0.029924242424242405,53393566,"POLYGON((139.7125 35.6416666666667, 139.7 35.6416666666667, 139.7 35.6333333333333, 139.7125 35.6333333333333, 139.7125 35.6416666666667))"
30,14,13,true,false,3.925,9462,26.326785714285727,27.301851851851865,0.43393959421625888,0.44190245278542839,0.18830357142857143,0.19527777777777777,53393593,"POLYGON((139.675 35.6666666666667, 139.6625 35.6666666666667, 139.6625 35.6583333333333, 139.675 35.6583333333333, 139.675 35.6666666666667))"
13,9,3,true,false,3.7769230769230768,5797,73.975147928994076,80.139743589743588,0.35334412547248772,0.36777222605358639,0.12485207100591716,0.13525641025641025,53393698,"POLYGON((139.8625 35.6666666666667, 139.85 35.6666666666667, 139.85 35.6583333333333, 139.8625 35.6583333333333, 139.8625 35.6666666666667))"
6,6,3,true,false,4.0333333333333332,1373,-2.3277777777777544,-2.7933333333333055,0.19720265943665397,0.21602468994692878,0.038888888888888924,0.04666666666666671,53394340,"POLYGON((139.3875 35.7083333333333, 139.375 35.7083333333333, 139.375 35.7, 139.3875 35.7, 139.3875 35.7083333333333))"
5,4,2,true,false,3.98,1624,-25.984000000000012,-32.480000000000018,0.14696938456699077,0.16431676725154992,0.021600000000000022,0.027000000000000027,53394471,"POLYGON((139.525 35.7333333333333, 139.5125 35.7333333333333, 139.5125 35.725, 139.525 35.725, 139.525 35.7333333333333))"
6,6,4,true,false,4.05,2019,-37.375000000000014,-44.850000000000016,0.298607881119482,0.32710854467592254,0.089166666666666686,0.10700000000000003,53394522,"POLYGON((139.6625 35.6916666666667, 139.65 35.6916666666667, 139.65 35.6833333333333, 139.6625 35.6833333333333, 139.6625 35.6916666666667))"
8,8,4,true,false,3.9625,2061,-6.0265625000000256,-6.8875000000000295,0.31598061649411346,0.337797487937881,0.09984375,0.11410714285714285,53394574,"POLYGON((139.6875 35.7333333333333, 139.675 35.7333333333333, 139.675 35.725, 139.6875 35.725, 139.6875 35.7333333333333))"
5,4,1,true,false,3.9,1398,15.619999999999985,19.524999999999981,0.20976176963403023,0.2345207879911714,0.04399999999999997,0.054999999999999966,53395233,"POLYGON((139.3 35.7833333333333, 139.2875 35.7833333333333, 139.2875 35.775, 139.3 35.775, 139.3 35.7833333333333))"
14,7,6,true,false,3.8428571428571425,4434,0.34795918367346124,0.37472527472526596,0.27701027756664731,0.287467150536131,0.076734693877550983,0.0826373626373626,53395629,"POLYGON((139.875 35.775, 139.8625 35.775, 139.8625 35.7666666666667, 139.875 35.7666666666667, 139.875 35.775))"
10,7,2,true,false,3.7888888888888888,2714,7.1617283950617177,8.0569444444444329,0.36345393852880281,0.38550111687401256,0.13209876543209875,0.14861111111111108,53392576,"POLYGON((139.7125 35.5666666666667, 139.7 35.5666666666667, 139.7 35.5583333333333, 139.7125 35.5583333333333, 139.7125 35.5666666666667))"
11,7,8,true,false,4.0454545454545459,2360,-5.7702479338842858,-6.3472727272727143,0.31727142484754817,0.33275707765165979,0.1006611570247934,0.11072727272727274,53392585,"POLYGON((139.7 35.575, 139.6875 35.575, 139.6875 35.5666666666667, 139.7 35.5666666666667, 139.7 35.575))"
12,7,1,true,false,3.8166666666666664,3248,7.0722222222222193,7.7151515151515122,0.2763853991962833,0.28867513459481287,0.076388888888888867,0.083333333333333315,53393580,"POLYGON((139.6375 35.6583333333333, 139.625 35.6583333333333, 139.625 35.65, 139.6375 35.65, 139.6375 35.6583333333333))"
39,15,10,true,false,3.833333333333333,14868,14.923076923076918,15.315789473684205,0.36608345225794348,0.37086905997821218,0.13401709401709397,0.13754385964912275,53394449,"POLYGON((139.625 35.7083333333333, 139.6125 35.7083333333333, 139.6125 35.7, 139.625 35.7, 139.625 35.7083333333333))"
7,6,1,true,false,3.8,1070,-4.6000000000000032,-5.3666666666666707,0.27255405754769868,0.2943920288775948,0.074285714285714247,0.086666666666666614,53394697,"POLYGON((139.85 35.75, 139.8375 35.75, 139.8375 35.7416666666667, 139.85 35.7416666666667, 139.85 35.75))"
8,6,2,true,false,3.8000000000000007,2724,74.437500000000085,85.071428571428669,0.390512483795333,0.41747540560578483,0.15250000000000022,0.17428571428571454,53393284,"POLYGON((139.3125 35.6583333333333, 139.3 35.6583333333333, 139.3 35.65, 139.3125 35.65, 139.3125 35.6583333333333))"
8,7,4,true,false,3.975,1467,3.246875,3.7107142857142859,0.39921798556678273,0.42678197846541865,0.15937499999999993,0.18214285714285708,53393565,"POLYGON((139.7 35.6416666666667, 139.6875 35.6416666666667, 139.6875 35.6333333333333, 139.7 35.6333333333333, 139.7 35.6416666666667))"
8,7,3,true,false,3.9375,1378,-6.6593749999999705,-7.610714285714252,0.41514304763539028,0.44380658592937267,0.17234374999999991,0.19696428571428562,53394267,"POLYGON((139.35 35.725, 139.3375 35.725, 139.3375 35.7166666666667, 139.35 35.7166666666667, 139.35 35.725))"
6,5,1,true,false,3.9,3909,-21.66666666666665,-25.999999999999979,0.20816659994661327,0.22803508501982761,0.043333333333333335,0.052000000000000005,53394395,"POLYGON((139.45 35.75, 139.4375 35.75, 139.4375 35.7416666666667, 139.45 35.7416666666667, 139.45 35.75))"
5,5,1,true,false,3.68,1584,5.6759999999999842,7.09499999999998,0.24819347291981703,0.27748873851023204,0.061599999999999953,0.076999999999999943,53394428,"POLYGON((139.6125 35.6916666666667, 139.6 35.6916666666667, 139.6 35.6833333333333, 139.6125 35.6833333333333, 139.6125 35.6916666666667))"
13,7,3,true,false,3.8615384615384616,4506,4.3852071005917095,4.750641025641019,0.26176460811036245,0.27245324228345907,0.068520710059171624,0.074230769230769253,53394443,"POLYGON((139.55 35.7083333333333, 139.5375 35.7083333333333, 139.5375 35.7, 139.55 35.7, 139.55 35.7083333333333))"
5,5,2,true,false,3.8,1244,70.399999999999935,87.999999999999915,0.565685424949238,0.63245553203367588,0.32,0.4,53394478,"POLYGON((139.6125 35.7333333333333, 139.6 35.7333333333333, 139.6 35.725, 139.6125 35.725, 139.6125 35.7333333333333))"
21,9,7,true,false,3.9476190476190478,4408,-17.166893424036296,-18.025238095238112,0.324578917865752,0.33259441910388049,0.10535147392290256,0.11061904761904769,53394547,"POLYGON((139.725 35.7083333333333, 139.7125 35.7083333333333, 139.7125 35.7, 139.725 35.7, 139.725 35.7083333333333))"
7,5,2,true,false,3.9,2483,7.0999999999999837,8.2833333333333155,0.16035674514745443,0.17320508075688754,0.025714285714285655,0.02999999999999993,53394660,"POLYGON((139.7625 35.725, 139.75 35.725, 139.75 35.7166666666667, 139.7625 35.7166666666667, 139.7625 35.725))"
26,13,13,true,false,3.9639999999999995,13512,23.437280000000008,24.413833333333343,0.58438343576798946,0.59643384656920106,0.34150399999999992,0.35573333333333323,53393585,"POLYGON((139.7 35.6583333333333, 139.6875 35.6583333333333, 139.6875 35.65, 139.7 35.65, 139.7 35.6583333333333))"
9,6,1,true,false,3.8333333333333335,6156,11.999999999999964,13.499999999999961,0.1999999999999999,0.21213203435596414,0.039999999999999959,0.044999999999999957,53394332,"POLYGON((139.4125 35.7, 139.4 35.7, 139.4 35.6916666666667, 139.4125 35.6916666666667, 139.4125 35.7))"
5,4,1,true,false,3.7800000000000002,1894,66.676,83.345,0.2785677655436824,0.31144823004794875,0.0776,0.097,53394454,"POLYGON((139.5625 35.7166666666667, 139.55 35.7166666666667, 139.55 35.7083333333333, 139.5625 35.7083333333333, 139.5625 35.7166666666667))"
10,7,4,true,false,3.8444444444444446,2453,-25.835802469135821,-29.065277777777798,0.34995590551163608,0.37118429085533483,0.12246913580246915,0.1377777777777778,53394477,"POLYGON((139.6 35.7333333333333, 139.5875 35.7333333333333, 139.5875 35.725, 139.6 35.725, 139.6 35.7333333333333))"
6,4,4,true,false,4.1333333333333329,1339,2.2277777777778036,2.6733333333333644,0.2054804667656325,0.22509257354845502,0.0422222222222222,0.050666666666666638,53394510,"POLYGON((139.6375 35.6833333333333, 139.625 35.6833333333333, 139.625 35.675, 139.6375 35.675, 139.6375 35.6833333333333))"
8,7,3,true,false,3.8857142857142861,1657,-27.789795918367407,-32.421428571428642,0.34404555939406589,0.37161167647860355,0.11836734693877571,0.13809523809523833,53394690,"POLYGON((139.7625 35.75, 139.75 35.75, 139.75 35.7416666666667, 139.7625 35.7416666666667, 139.7625 35.75))"
11,8,2,true,false,3.7299999999999995,3458,14.525999999999986,16.139999999999983,0.29681644159311649,0.31287200080686162,0.088099999999999928,0.097888888888888817,53395339,"POLYGON((139.5 35.7833333333333, 139.4875 35.7833333333333, 139.4875 35.775, 139.5 35.775, 139.5 35.7833333333333))"
6,3,1,true,false,3.75,1516,-14.183333333333344,-17.020000000000014,0.2140872096444188,0.23452078799117146,0.04583333333333333,0.054999999999999993,53395542,"POLYGON((139.6625 35.7916666666667, 139.65 35.7916666666667, 139.65 35.7833333333333, 139.6625 35.7833333333333, 139.6625 35.7916666666667))"
8,5,1,true,false,3.8375,3717,23.776562500000061,27.173214285714355,0.24462982238476172,0.26152028055746884,0.059843750000000064,0.068392857142857214,53395543,"POLYGON((139.675 35.7916666666667, 139.6625 35.7916666666667, 139.6625 35.7833333333333, 139.675 35.7833333333333, 139.675 35.7916666666667))"
14,8,2,true,false,3.6071428571428572,5512,38.3091836734694,41.256043956043968,0.4978012881150265,0.516592810507591,0.24780612244897959,0.26686813186813185,53393483,"POLYGON((139.55 35.6583333333333, 139.5375 35.6583333333333, 139.5375 35.65, 139.55 35.65, 139.55 35.6583333333333))"
26,11,4,true,false,3.7115384615384617,7600,24.084911242603582,25.048307692307727,0.35008452064841883,0.35701756043861277,0.12255917159763317,0.12746153846153851,53393573,"POLYGON((139.675 35.65, 139.6625 35.65, 139.6625 35.6416666666667, 139.675 35.6416666666667, 139.675 35.65))"
5,4,1,true,false,3.7399999999999998,766,-43.308,-54.135,0.535163526410386,0.59833101206606354,0.28639999999999988,0.35799999999999987,53393652,"POLYGON((139.7875 35.6333333333333, 139.775 35.6333333333333, 139.775 35.625, 139.7875 35.625, 139.7875 35.6333333333333))"
7,7,3,true,false,3.8571428571428572,1216,-23.112244897959147,-26.964285714285669,0.46246897303538986,0.49952358255022306,0.21387755102040815,0.24952380952380951,53394546,"POLYGON((139.7125 35.7083333333333, 139.7 35.7083333333333, 139.7 35.7, 139.7125 35.7, 139.7125 35.7083333333333))"
9,7,5,true,false,4.0874999999999995,3799,-1.3140625000000057,-1.5017857142857207,0.2619040854969622,0.27998724460742358,0.068593750000000092,0.07839285714285725,53393297,"POLYGON((139.35 35.6666666666667, 139.3375 35.6666666666667, 139.3375 35.6583333333333, 139.35 35.6583333333333, 139.35 35.6666666666667))"
5,5,1,true,false,3.84,644,-12.251999999999995,-15.314999999999994,0.38262252939417996,0.42778499272414888,0.14640000000000009,0.18300000000000011,53394384,"POLYGON((139.4375 35.7416666666667, 139.425 35.7416666666667, 139.425 35.7333333333333, 139.4375 35.7333333333333, 139.4375 35.7416666666667))"
67,15,17,true,true,3.7777777777777781,46494,88.006349206349256,89.425806451612956,0.38356905565823968,0.38664998110087195,0.14712522045855378,0.14949820788530466,53394641,"POLYGON((139.775 35.7083333333333, 139.7625 35.7083333333333, 139.7625 35.7, 139.775 35.7, 139.775 35.7083333333333))"
15,9,5,true,false,3.85,7068,37.185714285714269,40.046153846153828,0.35405810661124931,0.36742346141747662,0.12535714285714278,0.13499999999999993,53394662,"POLYGON((139.7875 35.725, 139.775 35.725, 139.775 35.7166666666667, 139.7875 35.7166666666667, 139.7875 35.725))"
5,5,2,true,false,3.86,601,3.388,4.2349999999999994,0.25768197453450248,0.28809720581775866,0.066399999999999987,0.08299999999999999,53395618,"POLYGON((139.8625 35.7666666666667, 139.85 35.7666666666667, 139.85 35.7583333333333, 139.8625 35.7583333333333, 139.8625 35.7666666666667))"
5,2,0,true,false,3.58,1003,5.23199999999999,6.5399999999999885,0.09797958971132717,0.10954451150103328,0.00960000000000001,0.012000000000000012,53393396,"POLYGON((139.4625 35.6666666666667, 139.45 35.6666666666667, 139.45 35.6583333333333, 139.4625 35.6583333333333, 139.4625 35.6666666666667))"
8,6,3,true,false,3.925,2955,-29.521875000000044,-33.739285714285764,0.26809513236909033,0.28660575211055556,0.071875000000000078,0.082142857142857226,53394538,"POLYGON((139.7375 35.7, 139.725 35.7, 139.725 35.6916666666667, 139.7375 35.6916666666667, 139.7375 35.7))"
6,5,2,true,false,4.0,1004,7.2999999999999847,9.12499999999998,0.1999999999999999,0.22360679774997885,0.039999999999999959,0.049999999999999947,53394598,"POLYGON((139.7375 35.75, 139.725 35.75, 139.725 35.7416666666667, 139.7375 35.7416666666667, 139.7375 35.75))"
7,5,1,true,false,3.8142857142857145,2465,16.812244897959207,19.614285714285742,0.21665358411575866,0.23401261667248796,0.04693877551020411,0.054761904761904796,53394650,"POLYGON((139.7625 35.7166666666667, 139.75 35.7166666666667, 139.75 35.7083333333333, 139.7625 35.7083333333333, 139.7625 35.7166666666667))"
6,5,1,true,false,3.8,1262,-4.5999999999999943,-5.5199999999999934,0.19999999999999987,0.21908902300206631,0.039999999999999952,0.047999999999999945,53395241,"POLYGON((139.275 35.7916666666667, 139.2625 35.7916666666667, 139.2625 35.7833333333333, 139.275 35.7833333333333, 139.275 35.7916666666667))"
7,6,1,true,false,3.8166666666666664,1290,14.133333333333338,16.960000000000004,0.2671869923646899,0.2926886855802025,0.071388888888888849,0.085666666666666627,53393544,"POLYGON((139.6875 35.625, 139.675 35.625, 139.675 35.6166666666667, 139.6875 35.6166666666667, 139.6875 35.625))"
7,7,4,true,false,4.0714285714285712,1109,23.2979591836735,27.180952380952416,0.37688302737922608,0.40708019567928572,0.14204081632653048,0.16571428571428556,53394368,"POLYGON((139.4875 35.725, 139.475 35.725, 139.475 35.7166666666667, 139.4875 35.7166666666667, 139.4875 35.725))"
21,12,7,true,false,3.7571428571428567,5215,36.509523809523785,38.334999999999972,0.705469400349818,0.72289102122756255,0.49768707482993169,0.52257142857142824,53394540,"POLYGON((139.6375 35.7083333333333, 139.625 35.7083333333333, 139.625 35.7, 139.6375 35.7, 139.6375 35.7083333333333))"
9,7,2,true,false,3.8000000000000003,3618,2.3333333333333446,2.6250000000000124,0.34960294939005054,0.37080992435478316,0.12222222222222223,0.1375,53394602,"POLYGON((139.7875 35.675, 139.775 35.675, 139.775 35.6666666666667, 139.7875 35.6666666666667, 139.7875 35.675))"
10,10,3,true,false,3.61,3130,33.84999999999998,37.611111111111086,0.62361847310675456,0.65735158865793508,0.38889999999999991,0.43211111111111106,53394770,"POLYGON((139.8875 35.7333333333333, 139.875 35.7333333333333, 139.875 35.725, 139.8875 35.725, 139.8875 35.7333333333333))"
10,8,2,true,false,3.8000000000000003,3842,-18.140000000000036,-20.155555555555598,0.3000000000000001,0.31622776601683805,0.090000000000000052,0.10000000000000006,53395633,"POLYGON((139.8 35.7833333333333, 139.7875 35.7833333333333, 139.7875 35.775, 139.8 35.775, 139.8 35.7833333333333))"
11,8,4,true,false,3.92,3597,5.4759999999999636,6.0844444444444044,0.40938978980917434,0.43153472887152683,0.16759999999999994,0.18622222222222218,53393485,"POLYGON((139.575 35.6583333333333, 139.5625 35.6583333333333, 139.5625 35.65, 139.575 35.65, 139.575 35.6583333333333))"
30,14,17,true,true,4.0793103448275874,15331,1.2756242568370375,1.3211822660097887,0.35948172496336978,0.36584472735303952,0.12922711058263983,0.13384236453201984,53393598,"POLYGON((139.7375 35.6666666666667, 139.725 35.6666666666667, 139.725 35.6583333333333, 139.7375 35.6583333333333, 139.7375 35.6666666666667))"
7,5,3,true,false,3.9999999999999996,1467,-3.7857142857142905,-4.4166666666666723,0.18516401995451012,0.19999999999999982,0.034285714285714225,0.039999999999999931,53394286,"POLYGON((139.3375 35.7416666666667, 139.325 35.7416666666667, 139.325 35.7333333333333, 139.3375 35.7333333333333, 139.3375 35.7416666666667))"
20,12,4,true,true,3.725,7098,28.39250000000002,29.886842105263177,0.59571385748528638,0.61118952181704445,0.35487500000000005,0.37355263157894741,53394668,"POLYGON((139.8625 35.725, 139.85 35.725, 139.85 35.7166666666667, 139.8625 35.7166666666667, 139.8625 35.725))"
5,5,2,true,false,3.88,992,-0.21199999999999752,-0.2649999999999969,0.33105890714493685,0.37013511046643482,0.10959999999999992,0.1369999999999999,53395407,"POLYGON((139.6 35.7583333333333, 139.5875 35.7583333333333, 139.5875 35.75, 139.6 35.75, 139.6 35.7583333333333))"
16,12,3,true,false,3.7357142857142858,5228,12.87755102040812,13.868131868131822,0.4729952323183802,0.49085034983594139,0.22372448979591847,0.24093406593406602,53395530,"POLYGON((139.6375 35.7833333333333, 139.625 35.7833333333333, 139.625 35.775, 139.6375 35.775, 139.6375 35.7833333333333))"
5,5,1,true,false,3.7800000000000002,912,19.907999999999991,24.884999999999987,0.31240998703626621,0.34928498393145962,0.09760000000000002,0.12200000000000003,53395624,"POLYGON((139.8125 35.775, 139.8 35.775, 139.8 35.7666666666667, 139.8125 35.7666666666667, 139.8125 35.775))"
5,5,2,true,false,3.8200000000000003,1222,-19.808,-24.759999999999998,0.46216880033165386,0.51672042731055268,0.21360000000000015,0.26700000000000018,53393473,"POLYGON((139.55 35.65, 139.5375 35.65, 139.5375 35.6416666666667, 139.55 35.6416666666667, 139.55 35.65))"
28,11,8,true,true,3.8000000000000003,8530,-23.215384615384654,-24.144000000000041,0.44807279628340613,0.45694638635183449,0.20076923076923078,0.2088,53394603,"POLYGON((139.8 35.675, 139.7875 35.675, 139.7875 35.6666666666667, 139.8 35.6666666666667, 139.8 35.675))"
11,10,3,true,false,3.6545454545454548,1767,-3.3528925619834644,-3.6881818181818113,0.54666532284992386,0.57334742759279267,0.29884297520661152,0.32872727272727265,53394616,"POLYGON((139.8375 35.6833333333333, 139.825 35.6833333333333, 139.825 35.675, 139.8375 35.675, 139.8375 35.6833333333333))"
55,15,8,true,false,3.7500000000000004,20954,23.835185185185171,24.284905660377344,0.37749172176353757,0.38103632273745641,0.14250000000000004,0.14518867924528306,53394621,"POLYGON((139.775 35.6916666666667, 139.7625 35.6916666666667, 139.7625 35.6833333333333, 139.775 35.6833333333333, 139.775 35.6916666666667))"
14,6,5,true,false,3.9499999999999997,10955,5.6821428571428942,6.11923076923081,0.18419709940325182,0.1911503636890643,0.033928571428571433,0.036538461538461547,53394634,"POLYGON((139.8125 35.7, 139.8 35.7, 139.8 35.6916666666667, 139.8125 35.6916666666667, 139.8125 35.7))"
9,7,2,true,false,3.6,10542,1271.733333333334,1430.7000000000007,0.82327260234856492,0.87321245982864937,0.67777777777777826,0.76250000000000051,53394663,"POLYGON((139.8 35.725, 139.7875 35.725, 139.7875 35.7166666666667, 139.8 35.7166666666667, 139.8 35.725))"
5,4,2,true,false,3.9799999999999995,817,-28.552,-35.69,0.43543082114154469,0.48682645778552325,0.18959999999999988,0.23699999999999985,53393468,"POLYGON((139.6125 35.6416666666667, 139.6 35.6416666666667, 139.6 35.6333333333333, 139.6125 35.6333333333333, 139.6125 35.6416666666667))"
9,6,3,true,false,3.8111111111111109,2760,31.159259259259251,35.05416666666666,0.37843080813169772,0.40138648595974308,0.14320987654320982,0.16111111111111104,53393524,"POLYGON((139.6875 35.6083333333333, 139.675 35.6083333333333, 139.675 35.6, 139.6875 35.6, 139.6875 35.6083333333333))"
8,3,0,true,false,3.8125,3684,16.168750000000017,18.478571428571449,0.25708704751503919,0.27483761439387133,0.066093750000000021,0.0755357142857143,53394498,"POLYGON((139.6125 35.75, 139.6 35.75, 139.6 35.7416666666667, 139.6125 35.7416666666667, 139.6125 35.75))"
9,6,5,true,false,4.0625,1335,9.7203124999999719,11.108928571428539,0.20577597041442902,0.21998376563477839,0.042343749999999965,0.048392857142857106,53394687,"POLYGON((139.85 35.7416666666667, 139.8375 35.7416666666667, 139.8375 35.7333333333333, 139.85 35.7333333333333, 139.85 35.7416666666667))"
7,6,2,true,false,3.7714285714285709,1327,17.259183673469391,20.13571428571429,0.50628700419055261,0.54685246552211753,0.25632653061224464,0.29904761904761873,53395403,"POLYGON((139.55 35.7583333333333, 139.5375 35.7583333333333, 139.5375 35.75, 139.55 35.75, 139.55 35.7583333333333))"
8,5,4,true,false,4.0875,1201,-14.448437499999965,-16.51249999999996,0.31795243354942249,0.339905449037985,0.10109374999999993,0.1155357142857142,53393572,"POLYGON((139.6625 35.65, 139.65 35.65, 139.65 35.6416666666667, 139.6625 35.6416666666667, 139.6625 35.65))"
12,7,0,true,false,3.5666666666666664,5359,3.0027777777777569,3.2757575757575528,0.23921166824012191,0.24984843890695482,0.057222222222222147,0.06242424242424234,53393683,"POLYGON((139.8 35.6583333333333, 139.7875 35.6583333333333, 139.7875 35.65, 139.8 35.65, 139.8 35.6583333333333))"
9,5,2,true,false,3.8888888888888888,3338,19.498765432098779,21.936111111111124,0.2806517986736688,0.29767618499152937,0.078765432098765534,0.088611111111111224,53394531,"POLYGON((139.65 35.7, 139.6375 35.7, 139.6375 35.6916666666667, 139.65 35.6916666666667, 139.65 35.7))"
10,9,2,true,false,3.56,1664,18.126,20.14,0.45431266766402184,0.47888759989514584,0.20639999999999997,0.22933333333333328,53392588,"POLYGON((139.7375 35.575, 139.725 35.575, 139.725 35.5666666666667, 139.7375 35.5666666666667, 139.7375 35.575))"
12,9,2,true,false,3.725,2395,11.61041666666666,12.665909090909084,0.28903575326707714,0.30188799849673331,0.0835416666666667,0.091136363636363668,53393554,"POLYGON((139.6875 35.6333333333333, 139.675 35.6333333333333, 139.675 35.625, 139.6875 35.625, 139.6875 35.6333333333333))"
6,5,1,true,false,3.8,423,12.366666666666664,14.839999999999998,0.3,0.32863353450309962,0.089999999999999983,0.10799999999999998,53393672,"POLYGON((139.7875 35.65, 139.775 35.65, 139.775 35.6416666666667, 139.7875 35.6416666666667, 139.7875 35.65))"
22,10,2,true,false,3.6318181818181818,7715,51.210123966942184,53.64870129870134,0.40941906030636727,0.41905376815637946,0.16762396694214879,0.17560606060606063,53394308,"POLYGON((139.4875 35.675, 139.475 35.675, 139.475 35.6666666666667, 139.4875 35.6666666666667, 139.4875 35.675))"
14,8,1,true,false,3.6999999999999997,4222,46.028571428571418,49.569230769230757,0.28784916685156969,0.29871519752227071,0.082857142857142824,0.0892307692307692,53394539,"POLYGON((139.75 35.7, 139.7375 35.7, 139.7375 35.6916666666667, 139.75 35.6916666666667, 139.75 35.7))"
7,4,3,true,false,3.9999999999999996,892,11.649999999999999,13.979999999999999,0.24494897427831766,0.26832815729997461,0.059999999999999921,0.071999999999999911,53394644,"POLYGON((139.8125 35.7083333333333, 139.8 35.7083333333333, 139.8 35.7, 139.8125 35.7, 139.8125 35.7083333333333))"
10,6,3,true,false,3.8899999999999997,2100,-11.350000000000005,-12.611111111111118,0.27,0.28460498941515416,0.0729,0.081000000000000016,53392569,"POLYGON((139.75 35.5583333333333, 139.7375 35.5583333333333, 139.7375 35.55, 139.75 35.55, 139.75 35.5583333333333))"
8,7,3,true,false,3.8375,2421,9.8265625000000245,11.230357142857171,0.37059917700933992,0.39618718519695428,0.13734375000000004,0.15696428571428575,53394338,"POLYGON((139.4875 35.7, 139.475 35.7, 139.475 35.6916666666667, 139.4875 35.6916666666667, 139.4875 35.7))"
15,10,5,true,false,3.8533333333333331,4504,42.0991111111111,45.106190476190463,0.40309910554215944,0.41724721460452946,0.16248888888888902,0.17409523809523825,53394409,"POLYGON((139.625 35.675, 139.6125 35.675, 139.6125 35.6666666666667, 139.625 35.6666666666667, 139.625 35.675))"
16,11,4,true,false,3.7266666666666666,5314,19.006222222222203,20.3638095238095,0.44342104395509047,0.45898438608156023,0.19662222222222228,0.21066666666666672,53394444,"POLYGON((139.5625 35.7083333333333, 139.55 35.7083333333333, 139.55 35.7, 139.5625 35.7, 139.5625 35.7083333333333))"
20,12,6,true,false,3.9333333333333336,4478,3.8129629629629567,4.037254901960778,0.41096093353126495,0.42287531189673938,0.16888888888888878,0.1788235294117646,53394524,"POLYGON((139.6875 35.6916666666667, 139.675 35.6916666666667, 139.675 35.6833333333333, 139.6875 35.6833333333333, 139.6875 35.6916666666667))"
11,9,3,true,true,3.8181818181818183,2689,-2.3082644628099303,-2.5390909090909233,0.59668505750625245,0.62580856788347328,0.35603305785123979,0.39163636363636378,53394533,"POLYGON((139.675 35.7, 139.6625 35.7, 139.6625 35.6916666666667, 139.675 35.6916666666667, 139.675 35.7))"
52,14,30,true,false,4.1098039215686279,32527,67.317800845828586,68.664156862745159,0.34257096128252462,0.34597971152123019,0.117354863514033,0.11970196078431367,53394653,"POLYGON((139.8 35.7166666666667, 139.7875 35.7166666666667, 139.7875 35.7083333333333, 139.8 35.7083333333333, 139.8 35.7166666666667))"
12,6,6,true,false,4.0249999999999995,6021,31.114583333333293,33.943181818181777,0.20052015692526606,0.20943647333651405,0.040208333333333332,0.043863636363636362,53393577,"POLYGON((139.725 35.65, 139.7125 35.65, 139.7125 35.6416666666667, 139.725 35.6416666666667, 139.725 35.65))"
5,4,0,true,false,3.6999999999999997,983,-12.959999999999971,-16.199999999999964,0.22803508501982758,0.2549509756796392,0.051999999999999991,0.064999999999999988,53394529,"POLYGON((139.75 35.6916666666667, 139.7375 35.6916666666667, 139.7375 35.6833333333333, 139.75 35.6833333333333, 139.75 35.6916666666667))"
13,7,2,true,false,3.6538461538461537,3664,9.608284023668654,10.408974358974374,0.35651169926942977,0.37106914139053337,0.12710059171597632,0.13769230769230767,53394673,"POLYGON((139.8 35.7333333333333, 139.7875 35.7333333333333, 139.7875 35.725, 139.8 35.725, 139.8 35.7333333333333))"
8,7,3,true,false,3.8,1329,16.674999999999994,19.05714285714285,0.412310562561766,0.44077853201547174,0.16999999999999998,0.19428571428571426,53395412,"POLYGON((139.5375 35.7666666666667, 139.525 35.7666666666667, 139.525 35.7583333333333, 139.5375 35.7583333333333, 139.5375 35.7666666666667))"
5,5,1,true,false,3.6799999999999997,1513,-25.808000000000018,-32.260000000000019,0.30594117081556721,0.34205262752974153,0.093600000000000072,0.11700000000000009,53395515,"POLYGON((139.7 35.7666666666667, 139.6875 35.7666666666667, 139.6875 35.7583333333333, 139.7 35.7583333333333, 139.7 35.7666666666667))"
7,6,2,true,false,3.9571428571428573,1179,-8.8387755102040746,-10.311904761904755,0.29207211857515541,0.31547394428670267,0.085306122448979643,0.099523809523809584,53395523,"POLYGON((139.675 35.775, 139.6625 35.775, 139.6625 35.7666666666667, 139.675 35.7666666666667, 139.675 35.775))"
5,4,4,true,false,4.04,881,33.431999999999981,41.789999999999978,0.32619012860600188,0.3646916505762095,0.10640000000000006,0.13300000000000009,53392575,"POLYGON((139.7 35.5666666666667, 139.6875 35.5666666666667, 139.6875 35.5583333333333, 139.7 35.5583333333333, 139.7 35.5666666666667))"
8,8,2,true,false,3.8125,2079,27.489062499999992,31.416071428571421,0.27128168017763377,0.29001231500945412,0.073593749999999986,0.084107142857142839,53393552,"POLYGON((139.6625 35.6333333333333, 139.65 35.6333333333333, 139.65 35.625, 139.6625 35.625, 139.6625 35.6333333333333))"
12,9,5,true,false,4.0272727272727273,4636,-14.521487603305815,-15.973636363636396,0.40247170220324835,0.42211588240886916,0.16198347107438021,0.17818181818181825,53393691,"POLYGON((139.775 35.6666666666667, 139.7625 35.6666666666667, 139.7625 35.6583333333333, 139.775 35.6583333333333, 139.775 35.6666666666667))"
7,6,1,true,false,3.8714285714285714,4335,9.0938775510203733,10.60952380952377,0.3368521749300456,0.36384193323605846,0.11346938775510206,0.1323809523809524,53394379,"POLYGON((139.5 35.7333333333333, 139.4875 35.7333333333333, 139.4875 35.725, 139.5 35.725, 139.5 35.7333333333333))"
48,17,18,true,false,3.9340425531914893,21116,44.952286102308747,45.929509713228505,0.3838642245248664,0.38801422864132468,0.14735174287007705,0.15055504162812219,53394640,"POLYGON((139.7625 35.7083333333333, 139.75 35.7083333333333, 139.75 35.7, 139.7625 35.7, 139.7625 35.7083333333333))"
7,7,3,true,false,3.6714285714285717,2379,87.567346938775515,102.16190476190478,0.803055389860297,0.867398958023903,0.64489795918367365,0.75238095238095271,53394655,"POLYGON((139.825 35.7166666666667, 139.8125 35.7166666666667, 139.8125 35.7083333333333, 139.825 35.7083333333333, 139.825 35.7166666666667))"
33,10,4,true,false,3.7878787878787876,15569,11.233792470156127,11.584848484848505,0.28894539251055068,0.2934254331997907,0.0834894398530762,0.086098484848484841,53392355,"POLYGON((139.45 35.55, 139.4375 35.55, 139.4375 35.5416666666667, 139.45 35.5416666666667, 139.45 35.55))"
5,5,1,true,false,3.56,1626,5.28800000000003,6.6100000000000367,0.50039984012787209,0.55946402922797456,0.25039999999999996,0.31299999999999994,53393529,"POLYGON((139.75 35.6083333333333, 139.7375 35.6083333333333, 139.7375 35.6, 139.75 35.6, 139.75 35.6083333333333))"
6,5,4,true,true,4.1666666666666661,1371,-44.300000000000018,-53.160000000000025,0.44596960534198843,0.48853522561496704,0.19888888888888892,0.23866666666666672,53393582,"POLYGON((139.6625 35.6583333333333, 139.65 35.6583333333333, 139.65 35.65, 139.6625 35.65, 139.6625 35.6583333333333))"
43,15,4,true,true,3.6833333333333331,15185,10.585317460317459,10.843495934959348,0.39995039374942165,0.40479845431756051,0.15996031746031741,0.16386178861788611,53394333,"POLYGON((139.425 35.7, 139.4125 35.7, 139.4125 35.6916666666667, 139.425 35.6916666666667, 139.425 35.7))"
8,7,5,true,false,3.9125,1923,27.4078125,31.323214285714283,0.42847841252506513,0.45806269065645205,0.18359374999999992,0.20982142857142846,53394469,"POLYGON((139.625 35.725, 139.6125 35.725, 139.6125 35.7166666666667, 139.625 35.7166666666667, 139.625 35.725))"
11,7,4,true,false,3.7090909090909085,2651,19.218181818181815,21.139999999999997,0.74156412761938573,0.77775901853279128,0.54991735537190067,0.60490909090909073,53394534,"POLYGON((139.6875 35.7, 139.675 35.7, 139.675 35.6916666666667, 139.6875 35.6916666666667, 139.6875 35.7))"
5,4,1,true,false,3.8200000000000003,1775,6.3200000000000065,7.9000000000000083,0.29933259094191533,0.33466401061363027,0.089600000000000027,0.11200000000000003,53394623,"POLYGON((139.8 35.6916666666667, 139.7875 35.6916666666667, 139.7875 35.6833333333333, 139.8 35.6833333333333, 139.8 35.6916666666667))"
25,11,3,true,false,3.6826086956521742,6864,-11.957655954631402,-12.501185770751011,0.27764878332329745,0.28388886095705496,0.077088846880907391,0.080592885375494083,53394694,"POLYGON((139.8125 35.75, 139.8 35.75, 139.8 35.7416666666667, 139.8125 35.7416666666667, 139.8125 35.75))"
10,7,2,true,false,3.86,3429,-1.3340000000000281,-1.4822222222222534,0.24979991993593575,0.26331223544175314,0.062399999999999914,0.069333333333333233,53395632,"POLYGON((139.7875 35.7833333333333, 139.775 35.7833333333333, 139.775 35.775, 139.7875 35.775, 139.7875 35.7833333333333))"
9,6,3,true,false,3.833333333333333,2117,27.270370370370372,30.679166666666667,0.32998316455372223,0.35000000000000003,0.10888888888888892,0.12250000000000004,53393285,"POLYGON((139.325 35.6583333333333, 139.3125 35.6583333333333, 139.3125 35.65, 139.325 35.65, 139.325 35.6583333333333))"
46,15,8,true,true,3.7282608695652173,20517,35.253733459357285,36.037149758454113,0.38934897919378675,0.39365130846601382,0.15159262759924377,0.15496135265700475,53394446,"POLYGON((139.5875 35.7083333333333, 139.575 35.7083333333333, 139.575 35.7, 139.5875 35.7, 139.5875 35.7083333333333))"
6,5,2,true,false,3.94,919,9.448,11.81,0.27276363393971709,0.30495901363953815,0.0744,0.093,53394513,"POLYGON((139.675 35.6833333333333, 139.6625 35.6833333333333, 139.6625 35.675, 139.675 35.675, 139.675 35.6833333333333))"
7,6,2,true,false,3.5714285714285716,3455,149.4734693877551,174.38571428571427,0.43659162256960354,0.47157284949512557,0.19061224489795917,0.22238095238095235,53394558,"POLYGON((139.7375 35.7166666666667, 139.725 35.7166666666667, 139.725 35.7083333333333, 139.7375 35.7083333333333, 139.7375 35.7166666666667))"
11,5,3,true,false,3.9545454545454541,3862,-3.4322314049586424,-3.7754545454545068,0.15587661999529306,0.16348477827391972,0.024297520661156993,0.026727272727272693,53394562,"POLYGON((139.6625 35.725, 139.65 35.725, 139.65 35.7166666666667, 139.6625 35.7166666666667, 139.6625 35.725))"
48,13,11,true,false,3.8520833333333333,17042,5.7832465277777692,5.9062943262411256,0.31290945397812592,0.31622075734506511,0.0979123263888889,0.099995567375886538,53394622,"POLYGON((139.7875 35.6916666666667, 139.775 35.6916666666667, 139.775 35.6833333333333, 139.7875 35.6833333333333, 139.7875 35.6916666666667))"
5,3,2,true,false,4.0,1302,18.499999999999979,24.666666666666639,0.12247448713915883,0.14142135623730942,0.014999999999999982,0.019999999999999976,53394681,"POLYGON((139.775 35.7416666666667, 139.7625 35.7416666666667, 139.7625 35.7333333333333, 139.775 35.7333333333333, 139.775 35.7416666666667))"
7,6,2,true,false,3.842857142857143,3925,19.155102040816395,22.34761904761913,0.28212025225902138,0.304724700110022,0.07959183673469386,0.092857142857142846,53395508,"POLYGON((139.7375 35.7583333333333, 139.725 35.7583333333333, 139.725 35.75, 139.7375 35.75, 139.7375 35.7583333333333))"
6,5,2,true,false,3.8666666666666663,5739,16.38333333333328,19.659999999999933,0.22110831935702641,0.24221202832779906,0.04888888888888878,0.058666666666666534,53393549,"POLYGON((139.75 35.625, 139.7375 35.625, 139.7375 35.6166666666667, 139.75 35.6166666666667, 139.75 35.625))"
35,14,10,true,false,3.88,20386,62.08628571428563,63.912352941176387,0.32053526661329662,0.32521486110316811,0.10274285714285715,0.10576470588235294,53393576,"POLYGON((139.7125 35.65, 139.7 35.65, 139.7 35.6416666666667, 139.7125 35.6416666666667, 139.7125 35.65))"
5,5,1,true,false,3.74,1494,21.527999999999992,26.909999999999989,0.33823069050575516,0.37815340802378061,0.11439999999999992,0.1429999999999999,53394259,"POLYGON((139.375 35.7166666666667, 139.3625 35.7166666666667, 139.3625 35.7083333333333, 139.375 35.7083333333333, 139.375 35.7166666666667))"
7,5,2,true,false,3.8714285714285714,1558,-0.31224489795918242,-0.36428571428571282,0.3149343955006943,0.34016802570830451,0.099183673469387751,0.11571428571428571,53394397,"POLYGON((139.475 35.75, 139.4625 35.75, 139.4625 35.7416666666667, 139.475 35.7416666666667, 139.475 35.75))"
14,10,7,true,false,4.05,2865,1.2107142857142854,1.3038461538461534,0.38683699040145719,0.40143971671204393,0.14964285714285711,0.16115384615384609,53394502,"POLYGON((139.6625 35.675, 139.65 35.675, 139.65 35.6666666666667, 139.6625 35.6666666666667, 139.6625 35.675))"
5,5,4,true,false,4.22,2487,-50.228000000000087,-62.78500000000011,0.17204650534085256,0.19235384061671346,0.029600000000000005,0.037000000000000005,53394552,"POLYGON((139.6625 35.7166666666667, 139.65 35.7166666666667, 139.65 35.7083333333333, 139.6625 35.7083333333333, 139.6625 35.7166666666667))"
22,9,3,true,false,3.7772727272727278,8411,-0.94276859504133115,-0.9876623376623469,0.24667206456754795,0.252476907349145,0.060847107438016544,0.06374458874458877,53394636,"POLYGON((139.8375 35.7, 139.825 35.7, 139.825 35.6916666666667, 139.8375 35.6916666666667, 139.8375 35.7))"
19,11,6,true,false,3.7842105263157895,7730,-0.7551246537396743,-0.79707602339187844,0.42582818118250065,0.43749686715670294,0.18132963988919662,0.19140350877192977,53393557,"POLYGON((139.725 35.6333333333333, 139.7125 35.6333333333333, 139.7125 35.625, 139.725 35.625, 139.725 35.6333333333333))"
9,5,3,true,false,4.0,2492,-18.766666666666687,-21.112500000000022,0.22607766610417557,0.23979157616563593,0.051111111111111093,0.057499999999999982,53394519,"POLYGON((139.75 35.6833333333333, 139.7375 35.6833333333333, 139.7375 35.675, 139.75 35.675, 139.75 35.6833333333333))"
10,6,4,true,false,3.95,2579,13.805000000000057,15.338888888888953,0.25396850198400595,0.26770630673681689,0.06450000000000003,0.0716666666666667,53395516,"POLYGON((139.7125 35.7666666666667, 139.7 35.7666666666667, 139.7 35.7583333333333, 139.7125 35.7583333333333, 139.7125 35.7666666666667))"
14,9,2,true,false,3.7285714285714286,3960,16.961224489795931,18.265934065934079,0.35742845723419436,0.37092103955210948,0.1277551020408163,0.13758241758241757,53395521,"POLYGON((139.65 35.775, 139.6375 35.775, 139.6375 35.7666666666667, 139.65 35.7666666666667, 139.65 35.775))"
6,4,1,true,false,3.9,1319,-17.033333333333346,-20.440000000000015,0.33665016461206942,0.36878177829171566,0.11333333333333342,0.13600000000000012,53393478,"POLYGON((139.6125 35.65, 139.6 35.65, 139.6 35.6416666666667, 139.6125 35.6416666666667, 139.6125 35.65))"
9,7,3,true,true,3.8444444444444441,2816,15.260493827160474,17.168055555555533,0.58139890897560575,0.61666666666666659,0.33802469135802465,0.38027777777777771,53393537,"POLYGON((139.725 35.6166666666667, 139.7125 35.6166666666667, 139.7125 35.6083333333333, 139.725 35.6083333333333, 139.725 35.6166666666667))"
7,5,2,true,false,3.6428571428571428,1146,17.669387755102036,20.61428571428571,0.45936957688038654,0.49617585208318654,0.21102040816326534,0.24619047619047621,53393591,"POLYGON((139.65 35.6666666666667, 139.6375 35.6666666666667, 139.6375 35.6583333333333, 139.65 35.6583333333333, 139.65 35.6666666666667))"
10,10,3,true,false,3.77,3901,5.0430000000000277,5.6033333333333637,0.41000000000000009,0.43217794688967853,0.16810000000000005,0.18677777777777782,53394518,"POLYGON((139.7375 35.6833333333333, 139.725 35.6833333333333, 139.725 35.675, 139.7375 35.675, 139.7375 35.6833333333333))"
7,5,4,true,false,4.0142857142857142,1631,-12.942857142857141,-15.1,0.15518257844571723,0.167616341969505,0.02408163265306118,0.028095238095238045,53394691,"POLYGON((139.775 35.75, 139.7625 35.75, 139.7625 35.7416666666667, 139.775 35.7416666666667, 139.775 35.75))"
7,5,2,true,false,3.842857142857143,3002,52.634693877551015,61.407142857142851,0.27180425129200647,0.29358214555806394,0.0738775510204082,0.086190476190476248,53394720,"POLYGON((139.8875 35.6916666666667, 139.875 35.6916666666667, 139.875 35.6833333333333, 139.8875 35.6833333333333, 139.8875 35.6916666666667))"
9,7,3,true,false,3.8777777777777778,3110,49.267901234567887,55.426388888888873,0.30832082056692461,0.32702361450580969,0.095061728395061718,0.10694444444444443,53394447,"POLYGON((139.6 35.7083333333333, 139.5875 35.7083333333333, 139.5875 35.7, 139.6 35.7, 139.6 35.7083333333333))"
14,8,8,true,false,4.0214285714285714,3526,0.76020408163267517,0.81868131868134242,0.35892412932574613,0.37247317183424605,0.12882653061224494,0.1387362637362638,53394545,"POLYGON((139.7 35.7083333333333, 139.6875 35.7083333333333, 139.6875 35.7, 139.7 35.7, 139.7 35.7083333333333))"
10,6,3,true,false,3.9499999999999997,4999,71.855000000000047,79.838888888888931,0.26551836094703513,0.2798809270624445,0.070500000000000035,0.078333333333333366,53394579,"POLYGON((139.75 35.7333333333333, 139.7375 35.7333333333333, 139.7375 35.725, 139.75 35.725, 139.75 35.7333333333333))"
35,13,6,true,false,3.7147058823529413,9700,3.7721453287197297,3.8864527629233581,0.42366215240113514,0.43003336934734288,0.17948961937716265,0.1849286987522282,53393508,"POLYGON((139.7375 35.5916666666667, 139.725 35.5916666666667, 139.725 35.5833333333333, 139.7375 35.5833333333333, 139.7375 35.5916666666667))"
9,8,1,true,false,3.5888888888888886,2942,84.22098765432095,94.748611111111074,0.40673344928273614,0.43140597018482613,0.16543209876543208,0.18611111111111109,53393527,"POLYGON((139.725 35.6083333333333, 139.7125 35.6083333333333, 139.7125 35.6, 139.725 35.6, 139.725 35.6083333333333))"
5,4,0,true,false,3.5999999999999996,882,-1.4250000000000043,-1.9000000000000057,0.35355339059327373,0.40824829046386296,0.12499999999999997,0.16666666666666663,53394448,"POLYGON((139.6125 35.7083333333333, 139.6 35.7083333333333, 139.6 35.7, 139.6125 35.7, 139.6125 35.7083333333333))"
8,8,4,true,false,3.8500000000000005,1616,49.375000000000014,56.428571428571445,0.84409715080670666,0.90237781127735761,0.71250000000000013,0.81428571428571439,53394523,"POLYGON((139.675 35.6916666666667, 139.6625 35.6916666666667, 139.6625 35.6833333333333, 139.675 35.6833333333333, 139.675 35.6916666666667))"
51,15,15,true,false,3.8755102040816323,21857,3.8790503956684725,3.9598639455782325,0.33229603978853256,0.33573961403947278,0.11042065805914203,0.11272108843537415,53394556,"POLYGON((139.7125 35.7166666666667, 139.7 35.7166666666667, 139.7 35.7083333333333, 139.7125 35.7083333333333, 139.7125 35.7166666666667))"
58,15,9,true,false,3.7689655172413796,48349,151.66355529131982,154.32431941923772,0.3317700161836894,0.33466762592564908,0.11007134363852554,0.1120024198427102,53394577,"POLYGON((139.725 35.7333333333333, 139.7125 35.7333333333333, 139.7125 35.725, 139.725 35.725, 139.725 35.7333333333333))"
15,8,9,true,false,4.0266666666666664,5104,6.6728888888888758,7.149523809523795,0.26195843605851332,0.27115274205474948,0.068622222222222209,0.073523809523809519,53394583,"POLYGON((139.675 35.7416666666667, 139.6625 35.7416666666667, 139.6625 35.7333333333333, 139.675 35.7333333333333, 139.675 35.7416666666667))"
26,12,14,true,false,4.0576923076923084,19445,48.129733727810581,50.054923076923004,0.36708108192885569,0.37435071996519736,0.13474852071005924,0.14013846153846163,53394642,"POLYGON((139.7875 35.7083333333333, 139.775 35.7083333333333, 139.775 35.7, 139.7875 35.7, 139.7875 35.7083333333333))"
6,4,2,true,false,4.0,1564,-3.4000000000000004,-4.08,0.1527525231651948,0.16733200530681525,0.023333333333333373,0.028000000000000046,53393278,"POLYGON((139.3625 35.65, 139.35 35.65, 139.35 35.6416666666667, 139.3625 35.6416666666667, 139.3625 35.65))"
10,7,2,true,false,3.666666666666667,2408,50.19629629629631,56.470833333333346,0.40000000000000013,0.42426406871192862,0.16000000000000009,0.1800000000000001,53393599,"POLYGON((139.75 35.6666666666667, 139.7375 35.6666666666667, 139.7375 35.6583333333333, 139.75 35.6583333333333, 139.75 35.6666666666667))"
7,4,2,true,false,3.9,2469,-2.3714285714285879,-2.7666666666666857,0.22038926600773595,0.23804761428476173,0.048571428571428592,0.056666666666666692,53394476,"POLYGON((139.5875 35.7333333333333, 139.575 35.7333333333333, 139.575 35.725, 139.5875 35.725, 139.5875 35.7333333333333))"
33,14,7,true,false,3.6969696969696968,15382,6.9700642791551957,7.1878787878787955,0.37049095068067689,0.37623533898748829,0.13726354453627174,0.14155303030303024,53394635,"POLYGON((139.825 35.7, 139.8125 35.7, 139.8125 35.6916666666667, 139.825 35.6916666666667, 139.825 35.7))"
7,6,2,true,false,3.6285714285714286,1624,39.257142857142867,45.800000000000011,0.4299976269512118,0.46445052020025313,0.18489795918367349,0.21571428571428575,53394659,"POLYGON((139.875 35.7166666666667, 139.8625 35.7166666666667, 139.8625 35.7083333333333, 139.875 35.7083333333333, 139.875 35.7166666666667))"
14,9,1,true,false,3.6,2426,38.415384615384617,41.616666666666667,0.45404167887303704,0.4725815626252608,0.2061538461538461,0.22333333333333327,53394665,"POLYGON((139.825 35.725, 139.8125 35.725, 139.8125 35.7166666666667, 139.825 35.7166666666667, 139.825 35.725))"
6,6,0,true,false,3.6166666666666667,933,-8.4750000000000139,-10.170000000000016,0.24094720491334937,0.2639444385977221,0.058055555555555569,0.069666666666666682,53395526,"POLYGON((139.7125 35.775, 139.7 35.775, 139.7 35.7666666666667, 139.7125 35.7666666666667, 139.7125 35.775))"
6,6,1,true,false,3.75,3053,-40.925000000000011,-49.110000000000014,0.24999999999999997,0.27386127875258304,0.062499999999999993,0.074999999999999983,53395626,"POLYGON((139.8375 35.775, 139.825 35.775, 139.825 35.7666666666667, 139.8375 35.7666666666667, 139.8375 35.775))"
6,3,2,true,false,3.9666666666666668,3763,71.655555555555452,85.986666666666537,0.20548046676563242,0.22509257354845497,0.042222222222222168,0.0506666666666666,53393352,"POLYGON((139.4125 35.6333333333333, 139.4 35.6333333333333, 139.4 35.625, 139.4125 35.625, 139.4125 35.6333333333333))"
11,7,3,true,false,3.8818181818181809,5546,-6.63305785123973,-7.2963636363637034,0.32422826363867263,0.34005347173108452,0.10512396694214862,0.1156363636363635,53393567,"POLYGON((139.725 35.6416666666667, 139.7125 35.6416666666667, 139.7125 35.6333333333333, 139.725 35.6333333333333, 139.725 35.6416666666667))"
44,15,12,true,true,3.8837209302325579,21248,-13.730286641427821,-14.057198228128485,0.376600604279017,0.38105757130220252,0.14182801514332075,0.14520487264673315,53393690,"POLYGON((139.7625 35.6666666666667, 139.75 35.6666666666667, 139.75 35.6583333333333, 139.7625 35.6583333333333, 139.7625 35.6666666666667))"
14,9,4,true,false,3.884615384615385,9936,-36.349112426035646,-39.378205128205281,0.35700927341145511,0.37158703297736734,0.12745562130177512,0.13807692307692307,53394516,"POLYGON((139.7125 35.6833333333333, 139.7 35.6833333333333, 139.7 35.675, 139.7125 35.675, 139.7125 35.6833333333333))"
70,16,12,true,true,3.7249999999999996,30676,14.205882352941194,14.41791044776121,0.49180788932264996,0.49546450390201069,0.24187499999999992,0.24548507462686558,53392577,"POLYGON((139.725 35.5666666666667, 139.7125 35.5666666666667, 139.7125 35.5583333333333, 139.725 35.5583333333333, 139.725 35.5666666666667))"
32,11,15,true,false,3.9,12638,-12.184374999999996,-12.577419354838705,0.30923292192132457,0.3141809628531857,0.095625,0.098709677419354838,53393287,"POLYGON((139.35 35.6583333333333, 139.3375 35.6583333333333, 139.3375 35.65, 139.35 35.65, 139.35 35.6583333333333))"
18,10,6,true,false,3.8222222222222224,6337,-13.767901234567912,-14.57777777777779,0.41305845100980249,0.42503363957602458,0.1706172839506174,0.18065359477124196,53394348,"POLYGON((139.4875 35.7083333333333, 139.475 35.7083333333333, 139.475 35.7, 139.4875 35.7, 139.4875 35.7083333333333))"
5,3,1,true,true,4.175,782,-36.412500000000009,-48.550000000000011,0.49180788932265,0.56789083458002731,0.24187499999999995,0.32249999999999995,53394350,"POLYGON((139.3875 35.7166666666667, 139.375 35.7166666666667, 139.375 35.7083333333333, 139.3875 35.7083333333333, 139.3875 35.7166666666667))"
11,8,5,true,false,3.8727272727272726,3066,18.947107438016509,20.841818181818162,0.34401614415317266,0.36080717590122585,0.11834710743801646,0.13018181818181812,53394537,"POLYGON((139.725 35.7, 139.7125 35.7, 139.7125 35.6916666666667, 139.725 35.6916666666667, 139.725 35.7))"
29,12,5,true,false,3.8517241379310341,13195,-3.5620689655172586,-3.6892857142857318,0.26732479232157663,0.27205657192047972,0.071462544589774066,0.07401477832512314,53394543,"POLYGON((139.675 35.7083333333333, 139.6625 35.7083333333333, 139.6625 35.7, 139.675 35.7, 139.675 35.7083333333333))"
6,5,2,true,false,4.0,1004,-67.21999999999997,-84.024999999999963,0.38470768123342669,0.43011626335213116,0.14799999999999985,0.18499999999999983,53395232,"POLYGON((139.2875 35.7833333333333, 139.275 35.7833333333333, 139.275 35.775, 139.2875 35.775, 139.2875 35.7833333333333))"
33,13,5,true,true,3.7454545454545451,12520,13.473002754820923,13.894034090909077,0.38145726087371595,0.38737167963316327,0.14550964187327817,0.1500568181818181,53395537,"POLYGON((139.725 35.7833333333333, 139.7125 35.7833333333333, 139.7125 35.775, 139.725 35.775, 139.725 35.7833333333333))"
5,4,0,true,false,3.7399999999999998,2448,30.955999999999918,38.694999999999894,0.18547236990991403,0.20736441353327714,0.034399999999999979,0.042999999999999976,53394475,"POLYGON((139.575 35.7333333333333, 139.5625 35.7333333333333, 139.5625 35.725, 139.575 35.725, 139.575 35.7333333333333))"
39,15,13,true,false,3.8611111111111112,20786,63.10123456790123,64.904126984126975,0.47038859690554297,0.47706110886059616,0.2212654320987654,0.22758730158730156,53394632,"POLYGON((139.7875 35.7, 139.775 35.7, 139.775 35.6916666666667, 139.7875 35.6916666666667, 139.7875 35.7))"
10,8,2,true,false,3.6799999999999997,2801,-4.1480000000000032,-4.6088888888888926,0.41182520563948,0.4341018825626588,0.16959999999999997,0.18844444444444441,53394647,"POLYGON((139.85 35.7083333333333, 139.8375 35.7083333333333, 139.8375 35.7, 139.85 35.7, 139.85 35.7083333333333))"
6,4,0,true,false,3.72,1696,59.675999999999995,74.595,0.33105890714493685,0.37013511046643482,0.10959999999999993,0.13699999999999993,53395525,"POLYGON((139.7 35.775, 139.6875 35.775, 139.6875 35.7666666666667, 139.7 35.7666666666667, 139.7 35.775))"
8,7,4,true,false,3.9749999999999996,3772,67.300000000000011,76.914285714285725,0.30310889132455349,0.324037034920393,0.091874999999999984,0.10499999999999998,53393548,"POLYGON((139.7375 35.625, 139.725 35.625, 139.725 35.6166666666667, 139.7375 35.6166666666667, 139.7375 35.625))"
6,3,3,true,false,4.0333333333333332,2524,12.461111111111148,14.953333333333376,0.0745355992499928,0.0816496580927724,0.005555555555555528,0.0066666666666666333,53393560,"POLYGON((139.6375 35.6416666666667, 139.625 35.6416666666667, 139.625 35.6333333333333, 139.6375 35.6333333333333, 139.6375 35.6416666666667))"
5,4,3,true,false,3.9000000000000004,3794,90.739999999999924,113.4249999999999,0.36331804249169891,0.40620192023179791,0.13199999999999992,0.1649999999999999,53394511,"POLYGON((139.65 35.6833333333333, 139.6375 35.6833333333333, 139.6375 35.675, 139.65 35.675, 139.65 35.6833333333333))"
13,9,2,true,false,3.7692307692307687,3678,35.713017751479271,38.689102564102541,0.42856579314412679,0.44606542006118233,0.18366863905325448,0.19897435897435903,53394548,"POLYGON((139.7375 35.7083333333333, 139.725 35.7083333333333, 139.725 35.7, 139.7375 35.7, 139.7375 35.7083333333333))"
17,12,9,true,false,3.9933333333333332,5699,33.472888888888846,35.863809523809479,0.5603173703853519,0.5799835794063074,0.3139555555555556,0.33638095238095245,53394557,"POLYGON((139.725 35.7166666666667, 139.7125 35.7166666666667, 139.7125 35.7083333333333, 139.725 35.7083333333333, 139.725 35.7166666666667))"
7,5,1,true,false,3.2428571428571429,1267,19.900000000000006,23.216666666666672,0.51784482743976734,0.5593363414414827,0.26816326530612244,0.31285714285714289,53394581,"POLYGON((139.65 35.7416666666667, 139.6375 35.7416666666667, 139.6375 35.7333333333333, 139.65 35.7333333333333, 139.65 35.7416666666667))"
9,7,0,true,false,3.6777777777777776,1820,-22.217283950617272,-24.994444444444433,0.24845199749997657,0.26352313834736485,0.061728395061728357,0.0694444444444444,53395616,"POLYGON((139.8375 35.7666666666667, 139.825 35.7666666666667, 139.825 35.7583333333333, 139.8375 35.7583333333333, 139.8375 35.7666666666667))"
13,8,2,true,false,3.6833333333333336,5026,-51.85277777777776,-56.566666666666649,0.33870669054835961,0.35376760048302214,0.11472222222222224,0.12515151515151518,53393559,"POLYGON((139.75 35.6333333333333, 139.7375 35.6333333333333, 139.7375 35.625, 139.75 35.625, 139.75 35.6333333333333))"
7,5,2,true,false,4.1333333333333329,1564,-50.355555555555576,-60.426666666666691,0.3496029493900506,0.38297084310253537,0.12222222222222229,0.14666666666666675,53393574,"POLYGON((139.6875 35.65, 139.675 35.65, 139.675 35.6416666666667, 139.6875 35.6416666666667, 139.6875 35.65))"
5,4,1,true,false,3.4400000000000004,349,-12.072000000000001,-15.090000000000002,0.81141851100403173,0.907193474403338,0.65839999999999987,0.82299999999999984,53393780,"POLYGON((139.8875 35.6583333333333, 139.875 35.6583333333333, 139.875 35.65, 139.8875 35.65, 139.8875 35.6583333333333))"
5,5,2,true,false,3.88,818,11.751999999999994,14.689999999999992,0.31240998703626621,0.34928498393145962,0.09760000000000002,0.12200000000000003,53394215,"POLYGON((139.325 35.6833333333333, 139.3125 35.6833333333333, 139.3125 35.675, 139.325 35.675, 139.325 35.6833333333333))"
9,8,2,true,true,3.8777777777777773,3078,-26.955555555555556,-30.325,0.46851485871795578,0.49693505052918568,0.21950617283950608,0.24694444444444433,53394258,"POLYGON((139.3625 35.7166666666667, 139.35 35.7166666666667, 139.35 35.7083333333333, 139.3625 35.7083333333333, 139.3625 35.7166666666667))"
10,8,2,true,false,3.77,2691,9.0730000000000111,10.081111111111122,0.31320919526731639,0.33015148038438347,0.098099999999999937,0.10899999999999993,53394440,"POLYGON((139.5125 35.7083333333333, 139.5 35.7083333333333, 139.5 35.7, 139.5125 35.7, 139.5125 35.7083333333333))"
59,18,19,true,false,3.8372881355932202,41094,96.420022981901766,98.082437171244891,0.37862297560481717,0.38187301783886296,0.14335535765584598,0.14582700175336055,53394535,"POLYGON((139.7 35.7, 139.6875 35.7, 139.6875 35.6916666666667, 139.7 35.6916666666667, 139.7 35.7))"
12,8,6,true,false,4.0499999999999989,10178,266.86666666666662,291.12727272727267,0.36855573979159939,0.38494391563163838,0.13583333333333311,0.14818181818181794,53394586,"POLYGON((139.7125 35.7416666666667, 139.7 35.7416666666667, 139.7 35.7333333333333, 139.7125 35.7333333333333, 139.7125 35.7416666666667))"
6,5,1,true,false,3.666666666666667,1052,-7.4722222222222276,-8.9666666666666721,0.35433819375782155,0.38815804341359017,0.12555555555555548,0.15066666666666656,53395406,"POLYGON((139.5875 35.7583333333333, 139.575 35.7583333333333, 139.575 35.75, 139.5875 35.75, 139.5875 35.7583333333333))"
10,6,3,true,false,3.7500000000000004,2168,-21.160000000000021,-23.511111111111134,0.39051248379533282,0.4116363011742824,0.15250000000000008,0.16944444444444454,53395421,"POLYGON((139.525 35.775, 139.5125 35.775, 139.5125 35.7666666666667, 139.525 35.7666666666667, 139.525 35.775))"
7,6,4,true,false,4.0000000000000009,2902,-0.057142857142820525,-0.06666666666662395,0.29277002188456014,0.31622776601683816,0.085714285714285826,0.10000000000000013,53393536,"POLYGON((139.7125 35.6166666666667, 139.7 35.6166666666667, 139.7 35.6083333333333, 139.7125 35.6083333333333, 139.7125 35.6166666666667))"
5,5,4,true,false,4.1400000000000006,941,-36.567999999999984,-45.70999999999998,0.24166091947189142,0.27018512172212589,0.058399999999999994,0.073,53393570,"POLYGON((139.6375 35.65, 139.625 35.65, 139.625 35.6416666666667, 139.6375 35.6416666666667, 139.6375 35.65))"
7,5,4,true,false,3.8714285714285714,2411,58.926530612244953,68.747619047619111,0.50628700419055284,0.54685246552211786,0.25632653061224492,0.29904761904761906,53393584,"POLYGON((139.6875 35.6583333333333, 139.675 35.6583333333333, 139.675 35.65, 139.6875 35.65, 139.6875 35.6583333333333))"
35,12,11,true,false,3.8911764705882352,14683,30.060467128027678,30.971390374331545,0.33813297685171451,0.34321796860747922,0.11433391003460211,0.1177985739750446,53393680,"POLYGON((139.7625 35.6583333333333, 139.75 35.6583333333333, 139.75 35.65, 139.7625 35.65, 139.7625 35.6583333333333))"
7,6,1,true,false,3.7857142857142856,1613,21.320408163265292,24.873809523809509,0.33135467156409137,0.3579039509354961,0.10979591836734688,0.128095238095238,53394495,"POLYGON((139.575 35.75, 139.5625 35.75, 139.5625 35.7416666666667, 139.575 35.7416666666667, 139.575 35.75))"
8,5,0,true,false,3.675,1975,2.5218749999999837,2.8821428571428385,0.28173569173961605,0.30118812346154294,0.079374999999999946,0.09071428571428565,53394507,"POLYGON((139.725 35.675, 139.7125 35.675, 139.7125 35.6666666666667, 139.725 35.6666666666667, 139.725 35.675))"
19,10,8,true,false,4.0055555555555555,8516,38.921604938271557,41.211111111111059,0.35819334044033041,0.36857790655791389,0.12830246913580243,0.13584967320261432,53394508,"POLYGON((139.7375 35.675, 139.725 35.675, 139.725 35.6666666666667, 139.7375 35.6666666666667, 139.7375 35.675))"
29,14,5,true,false,3.8068965517241384,9246,13.949464922711055,14.447660098522164,0.33726182858810472,0.34323152794199863,0.11374554102259213,0.11780788177339899,53394553,"POLYGON((139.675 35.7166666666667, 139.6625 35.7166666666667, 139.6625 35.7083333333333, 139.675 35.7083333333333, 139.675 35.7166666666667))"
9,7,3,true,false,3.8111111111111109,1995,-13.75185185185186,-15.470833333333342,0.29228769862146453,0.31001792062897116,0.085432098765432063,0.096111111111111064,53394626,"POLYGON((139.8375 35.6916666666667, 139.825 35.6916666666667, 139.825 35.6833333333333, 139.8375 35.6833333333333, 139.8375 35.6916666666667))"
8,6,4,true,false,3.875,3192,-42.999999999999972,-49.14285714285711,0.33447720400649122,0.35757117173668068,0.11187499999999993,0.12785714285714278,53394658,"POLYGON((139.8625 35.7166666666667, 139.85 35.7166666666667, 139.85 35.7083333333333, 139.8625 35.7083333333333, 139.8625 35.7166666666667))"
8,6,2,true,false,3.7375000000000003,2549,4.4140625000000089,5.0446428571428674,0.39666579131556073,0.4240535680446853,0.15734374999999998,0.17982142857142855,53392586,"POLYGON((139.7125 35.575, 139.7 35.575, 139.7 35.5666666666667, 139.7125 35.5666666666667, 139.7125 35.575))"
6,5,1,true,false,3.7333333333333329,2225,-13.244444444444442,-15.893333333333331,0.228521820013368,0.25033311140691433,0.052222222222222156,0.062666666666666579,53394273,"POLYGON((139.3 35.7333333333333, 139.2875 35.7333333333333, 139.2875 35.725, 139.3 35.725, 139.3 35.7333333333333))"
32,14,6,true,false,3.734375,22975,129.79482421874997,133.98175403225804,0.34785896477595629,0.35342506163760989,0.12100585937499998,0.12490927419354837,53394525,"POLYGON((139.7 35.6916666666667, 139.6875 35.6916666666667, 139.6875 35.6833333333333, 139.7 35.6833333333333, 139.7 35.6916666666667))"
44,16,17,true,true,3.9651162790697674,30913,42.968848025959922,43.991915836101825,0.37533471631315374,0.37977670189219181,0.1408761492698756,0.14423034330011072,53394601,"POLYGON((139.775 35.675, 139.7625 35.675, 139.7625 35.6666666666667, 139.775 35.6666666666667, 139.775 35.675))"
67,17,23,true,true,3.9298507462686567,39482,14.812430385386499,15.036861148801446,0.38517874330041624,0.38808579392500886,0.14836266429048794,0.15061058344640443,53394631,"POLYGON((139.775 35.7, 139.7625 35.7, 139.7625 35.6916666666667, 139.775 35.6916666666667, 139.775 35.7))"
12,8,1,true,false,3.5916666666666668,3942,32.187499999999993,35.113636363636353,0.36161289922911877,0.37769235516689381,0.13076388888888879,0.14265151515151506,53395509,"POLYGON((139.75 35.7583333333333, 139.7375 35.7583333333333, 139.7375 35.75, 139.75 35.75, 139.75 35.7583333333333))"
11,6,0,true,false,3.6636363636363636,3242,-5.6735537190082743,-6.2409090909091018,0.26032401933229732,0.273030134866931,0.0677685950413223,0.074545454545454526,53395627,"POLYGON((139.85 35.775, 139.8375 35.775, 139.8375 35.7666666666667, 139.85 35.7666666666667, 139.85 35.775))"
15,12,5,true,false,3.8,5135,8.5642857142857487,9.2230769230769614,0.44239607334862918,0.45909610188851607,0.19571428571428567,0.21076923076923071,53393523,"POLYGON((139.675 35.6083333333333, 139.6625 35.6083333333333, 139.6625 35.6, 139.675 35.6, 139.675 35.6083333333333))"
7,7,4,true,true,4.0428571428571427,2448,-80.644897959183723,-94.085714285714346,0.5576920370269467,0.60237624692308611,0.31102040816326532,0.36285714285714282,53394501,"POLYGON((139.65 35.675, 139.6375 35.675, 139.6375 35.6666666666667, 139.65 35.6666666666667, 139.65 35.675))"
57,18,14,true,false,3.8129629629629629,28570,95.400891632373117,97.200908455625452,0.47102972159754186,0.475452632918933,0.22186899862825779,0.22605520614954566,53394600,"POLYGON((139.7625 35.675, 139.75 35.675, 139.75 35.6666666666667, 139.7625 35.6666666666667, 139.7625 35.675))"
17,10,9,true,true,4.0176470588235293,8513,-43.166435986159122,-45.864338235294071,0.40327380002359081,0.41568511838536965,0.16262975778546709,0.17279411764705879,53394654,"POLYGON((139.8125 35.7166666666667, 139.8 35.7166666666667, 139.8 35.7083333333333, 139.8125 35.7083333333333, 139.8125 35.7166666666667))"
8,6,4,true,false,3.9875,1766,-1.0031249999999936,-1.146428571428564,0.26663411259626929,0.28504385627478451,0.07109375,0.08125,53394680,"POLYGON((139.7625 35.7416666666667, 139.75 35.7416666666667, 139.75 35.7333333333333, 139.7625 35.7333333333333, 139.7625 35.7416666666667))"
12,11,5,true,false,3.7416666666666667,3636,23.150000000000002,25.254545454545454,0.49909640573963476,0.52128919444241717,0.24909722222222214,0.27174242424242417,53395518,"POLYGON((139.7375 35.7666666666667, 139.725 35.7666666666667, 139.725 35.7583333333333, 139.7375 35.7583333333333, 139.7375 35.7666666666667))"
6,4,1,true,false,3.45,1166,9.0333333333333332,10.84,0.364005494464026,0.39874804074753784,0.13250000000000006,0.15900000000000009,53395522,"POLYGON((139.6625 35.775, 139.65 35.775, 139.65 35.7666666666667, 139.6625 35.7666666666667, 139.6625 35.775))"
22,11,4,true,true,3.8409090909090908,6088,-6.3888429752066083,-6.6930735930735894,0.3688546041576064,0.37753472361157403,0.13605371900826452,0.14253246753246759,53393546,"POLYGON((139.7125 35.625, 139.7 35.625, 139.7 35.6166666666667, 139.7125 35.6166666666667, 139.7125 35.625))"
5,4,2,true,false,3.84,1359,19.088000000000029,23.860000000000035,0.407921561087423,0.45607017003965539,0.16640000000000016,0.20800000000000018,53394329,"POLYGON((139.5 35.6916666666667, 139.4875 35.6916666666667, 139.4875 35.6833333333333, 139.5 35.6833333333333, 139.5 35.6916666666667))"
50,13,11,true,false,3.7959183673469385,32760,69.900291545189432,71.356547619047547,0.28496987572514371,0.28792301030648032,0.081207830070803844,0.082899659863945582,53394526,"POLYGON((139.7125 35.6916666666667, 139.7 35.6916666666667, 139.7 35.6833333333333, 139.7125 35.6833333333333, 139.7125 35.6916666666667))"
8,7,2,true,false,3.875,2438,8.0812499999999865,9.23571428571427,0.33819373146171716,0.36154430670982191,0.11437500000000006,0.13071428571428578,53394696,"POLYGON((139.8375 35.75, 139.825 35.75, 139.825 35.7416666666667, 139.8375 35.7416666666667, 139.8375 35.75))"
12,8,2,true,false,3.8916666666666666,3808,15.752777777777755,17.184848484848462,0.19773017529507786,0.20652243256245834,0.039097222222222221,0.042651515151515149,53395506,"POLYGON((139.7125 35.7583333333333, 139.7 35.7583333333333, 139.7 35.75, 139.7125 35.75, 139.7125 35.7583333333333))"
9,7,1,true,false,3.6888888888888887,1401,14.718518518518522,16.558333333333337,0.36649827783268085,0.38873012632301995,0.13432098765432093,0.15111111111111106,53393535,"POLYGON((139.7 35.6166666666667, 139.6875 35.6166666666667, 139.6875 35.6083333333333, 139.7 35.6083333333333, 139.7 35.6166666666667))"
7,5,0,true,false,3.2857142857142856,3166,87.904081632653131,102.55476190476197,0.383325938999964,0.41403933560541262,0.14693877551020412,0.17142857142857149,53393651,"POLYGON((139.775 35.6333333333333, 139.7625 35.6333333333333, 139.7625 35.625, 139.775 35.625, 139.775 35.6333333333333))"
5,4,1,true,false,3.7800000000000002,1343,-26.247999999999909,-32.809999999999889,0.27129319932501067,0.30331501776206193,0.073599999999999957,0.091999999999999943,53394366,"POLYGON((139.4625 35.725, 139.45 35.725, 139.45 35.7166666666667, 139.4625 35.7166666666667, 139.4625 35.725))"
27,13,9,true,true,3.9185185185185181,11805,-3.3337448559670992,-3.4619658119658334,0.39349999956424964,0.40099591119825745,0.15484224965706445,0.16079772079772076,53394671,"POLYGON((139.775 35.7333333333333, 139.7625 35.7333333333333, 139.7625 35.725, 139.775 35.725, 139.775 35.7333333333333))"
7,7,2,true,false,3.714285714285714,2110,-31.048979591836783,-36.223809523809585,0.33135467156409154,0.35790395093549632,0.10979591836734699,0.12809523809523815,53395534,"POLYGON((139.6875 35.7833333333333, 139.675 35.7833333333333, 139.675 35.775, 139.6875 35.775, 139.6875 35.7833333333333))"
8,5,2,true,false,3.9285714285714288,1088,-14.883673469387773,-17.364285714285735,0.25475077857324313,0.27516228977511764,0.064897959183673554,0.0757142857142858,53394561,"POLYGON((139.65 35.725, 139.6375 35.725, 139.6375 35.7166666666667, 139.65 35.7166666666667, 139.65 35.725))"
15,8,5,true,false,3.74,3108,22.59200000000002,24.205714285714304,0.43328204824725114,0.44848952846511042,0.18773333333333325,0.20114285714285707,53395517,"POLYGON((139.725 35.7666666666667, 139.7125 35.7666666666667, 139.7125 35.7583333333333, 139.725 35.7583333333333, 139.725 35.7666666666667))"
5,4,2,true,false,3.8,6689,369.16,461.45000000000005,0.38470768123342691,0.43011626335213138,0.14800000000000002,0.18500000000000003,53395644,"POLYGON((139.8125 35.7916666666667, 139.8 35.7916666666667, 139.8 35.7833333333333, 139.8125 35.7833333333333, 139.8125 35.7916666666667))"
9,7,3,true,false,3.8111111111111113,1523,22.486419753086416,25.297222222222217,0.50209437900866671,0.53255151028901515,0.25209876543209869,0.28361111111111104,53393385,"POLYGON((139.45 35.6583333333333, 139.4375 35.6583333333333, 139.4375 35.65, 139.45 35.65, 139.45 35.6583333333333))"
5,2,0,true,false,3.75,1201,10.56249999999998,14.083333333333307,0.086602540378443685,0.0999999999999998,0.0074999999999999694,0.0099999999999999586,53393534,"POLYGON((139.6875 35.6166666666667, 139.675 35.6166666666667, 139.675 35.6083333333333, 139.6875 35.6083333333333, 139.6875 35.6166666666667))"
7,6,2,true,false,3.9285714285714284,1617,40.057142857142892,46.733333333333377,0.32826072265931616,0.35456210417116757,0.10775510204081648,0.12571428571428589,53394615,"POLYGON((139.825 35.6833333333333, 139.8125 35.6833333333333, 139.8125 35.675, 139.825 35.675, 139.825 35.6833333333333))"
17,9,6,true,false,3.9294117647058822,6318,21.433910034602068,22.7735294117647,0.30824876486056241,0.31773555412157006,0.095017301038062288,0.10095588235294119,53394633,"POLYGON((139.8 35.7, 139.7875 35.7, 139.7875 35.6916666666667, 139.8 35.6916666666667, 139.8 35.7))"
12,9,5,true,false,3.9250000000000003,3374,25.270833333333318,27.568181818181802,0.3418698582794335,0.35707142142714243,0.11687499999999995,0.12749999999999995,53394296,"POLYGON((139.3375 35.75, 139.325 35.75, 139.325 35.7416666666667, 139.3375 35.7416666666667, 139.3375 35.75))"
10,7,2,true,false,3.66,3483,-7.4079999999999586,-8.2311111111110655,0.34409301068170511,0.36270588023294514,0.11840000000000002,0.13155555555555556,53394343,"POLYGON((139.425 35.7083333333333, 139.4125 35.7083333333333, 139.4125 35.7, 139.425 35.7, 139.425 35.7083333333333))"
63,16,10,true,true,3.741935483870968,41213,1.5276274713839468,1.5526705446853231,0.41641650485432063,0.41981587966466261,0.17340270551508843,0.17624537281861447,53394576,"POLYGON((139.7125 35.7333333333333, 139.7 35.7333333333333, 139.7 35.725, 139.7125 35.725, 139.7125 35.7333333333333))"
19,11,3,true,false,3.7736842105263162,7755,53.151523545706382,56.104385964912289,0.33692433206903627,0.34615684509122274,0.11351800554016621,0.11982456140350878,53394612,"POLYGON((139.7875 35.6833333333333, 139.775 35.6833333333333, 139.775 35.675, 139.7875 35.675, 139.7875 35.6833333333333))"
5,3,3,true,false,3.975,3511,26.193749999999909,34.924999999999876,0.34186985827943339,0.3947573094109002,0.11687499999999988,0.15583333333333318,53394619,"POLYGON((139.875 35.6833333333333, 139.8625 35.6833333333333, 139.8625 35.675, 139.875 35.675, 139.875 35.6833333333333))"
11,7,1,true,false,3.8363636363636364,2821,10.110743801652909,11.121818181818199,0.26032401933229743,0.27303013486693112,0.067768595041322363,0.074545454545454609,53395505,"POLYGON((139.7 35.7583333333333, 139.6875 35.7583333333333, 139.6875 35.75, 139.7 35.75, 139.7 35.7583333333333))"
8,7,1,true,false,3.6999999999999997,2170,3.2625000000000162,3.7285714285714469,0.2958039891549808,0.31622776601683789,0.087499999999999981,0.099999999999999978,53393550,"POLYGON((139.6375 35.6333333333333, 139.625 35.6333333333333, 139.625 35.625, 139.6375 35.625, 139.6375 35.6333333333333))"
13,7,4,true,false,3.9846153846153838,8491,71.294674556213124,77.235897435897542,0.24129826371320215,0.2511511956509927,0.058224852071006049,0.063076923076923211,53393575,"POLYGON((139.7 35.65, 139.6875 35.65, 139.6875 35.6416666666667, 139.7 35.6416666666667, 139.7 35.65))"
25,12,15,true,false,4.2,17047,74.575999999999965,77.6833333333333,0.39899874686520004,0.40722639076235384,0.15919999999999998,0.1658333333333333,53394506,"POLYGON((139.7125 35.675, 139.7 35.675, 139.7 35.6666666666667, 139.7125 35.6666666666667, 139.7125 35.675))"
6,6,1,true,false,3.65,1200,0.30000000000000426,0.36000000000000509,0.33040379335998349,0.36193922141707718,0.10916666666666668,0.131,53394563,"POLYGON((139.675 35.725, 139.6625 35.725, 139.6625 35.7166666666667, 139.675 35.7166666666667, 139.675 35.725))"
9,6,0,true,false,3.7111111111111112,2671,-17.153086419753073,-19.297222222222207,0.26010444246043596,0.27588242262078067,0.067654320987654254,0.076111111111111032,53393496,"POLYGON((139.5875 35.6666666666667, 139.575 35.6666666666667, 139.575 35.6583333333333, 139.5875 35.6583333333333, 139.5875 35.6666666666667))"
5,3,0,true,false,3.7800000000000002,1759,-3.2040000000000068,-4.0050000000000088,0.16000000000000009,0.17888543819998326,0.025600000000000026,0.032000000000000028,53393533,"POLYGON((139.675 35.6166666666667, 139.6625 35.6166666666667, 139.6625 35.6083333333333, 139.675 35.6083333333333, 139.675 35.6166666666667))"
6,4,2,true,false,3.9833333333333329,2290,5.6944444444444553,6.8333333333333455,0.16749792701868149,0.18348478592697176,0.028055555555555549,0.033666666666666657,53393592,"POLYGON((139.6625 35.6666666666667, 139.65 35.6666666666667, 139.65 35.6583333333333, 139.6625 35.6583333333333, 139.6625 35.6666666666667))"
10,9,3,true,false,3.71,2100,6.0899999999999839,6.766666666666648,0.54671747731346587,0.57629082164399537,0.29890000000000011,0.33211111111111125,53394503,"POLYGON((139.675 35.675, 139.6625 35.675, 139.6625 35.6666666666667, 139.675 35.6666666666667, 139.675 35.675))"
17,8,8,true,false,3.947058823529412,4959,-16.009688581314858,-17.010294117647035,0.26372366789952811,0.271840134681267,0.069550173010380592,0.073897058823529385,53394514,"POLYGON((139.6875 35.6833333333333, 139.675 35.6833333333333, 139.675 35.675, 139.6875 35.675, 139.6875 35.6833333333333))"
5,5,1,true,false,3.6399999999999997,1468,17.255999999999979,21.569999999999972,0.32619012860600161,0.36469165057620917,0.10639999999999988,0.13299999999999984,53394629,"POLYGON((139.875 35.6916666666667, 139.8625 35.6916666666667, 139.8625 35.6833333333333, 139.875 35.6833333333333, 139.875 35.6916666666667))"
11,7,5,true,false,4.0090909090909088,6754,10.227272727272693,11.249999999999961,0.29681504940571846,0.31130225008677814,0.088099173553719073,0.096909090909090972,53394643,"POLYGON((139.8 35.7083333333333, 139.7875 35.7083333333333, 139.7875 35.7, 139.8 35.7, 139.8 35.7083333333333))"
18,11,5,true,false,3.8111111111111109,6982,65.895679012345624,69.771895424836543,0.40536525215454894,0.41711740326264884,0.16432098765432104,0.17398692810457522,53394645,"POLYGON((139.825 35.7083333333333, 139.8125 35.7083333333333, 139.8125 35.7, 139.825 35.7, 139.825 35.7083333333333))"
9,6,2,true,false,3.8555555555555556,1347,-15.792592592592586,-17.766666666666659,0.37449554547450487,0.39721250959376619,0.14024691358024693,0.15777777777777779,53395535,"POLYGON((139.7 35.7833333333333, 139.6875 35.7833333333333, 139.6875 35.775, 139.7 35.775, 139.7 35.7833333333333))"
5,5,1,true,false,3.38,1026,50.584,63.230000000000004,0.581033561853358,0.64961527075646863,0.3376,0.42200000000000004,53393390,"POLYGON((139.3875 35.6666666666667, 139.375 35.6666666666667, 139.375 35.6583333333333, 139.3875 35.6583333333333, 139.3875 35.6666666666667))"
11,7,4,true,false,3.8636363636363633,3654,22.124793388429758,24.337272727272733,0.30233252996937976,0.317089032521553,0.0914049586776859,0.10054545454545449,53394408,"POLYGON((139.6125 35.675, 139.6 35.675, 139.6 35.6666666666667, 139.6125 35.6666666666667, 139.6125 35.675))"
27,13,10,true,true,3.9518518518518522,8307,-3.1641975308642225,-3.2858974358974615,0.42283905560037277,0.43089385661612267,0.17879286694101512,0.1856695156695157,53394541,"POLYGON((139.65 35.7083333333333, 139.6375 35.7083333333333, 139.6375 35.7, 139.65 35.7, 139.65 35.7083333333333))"
29,13,6,true,false,3.806896551724138,11367,11.648513674197327,12.064532019704375,0.42744714090045277,0.43501316440076904,0.18271105826397152,0.18923645320197052,53394582,"POLYGON((139.6625 35.7416666666667, 139.65 35.7416666666667, 139.65 35.7333333333333, 139.6625 35.7333333333333, 139.6625 35.7416666666667))"
61,14,11,true,false,3.8098360655737711,48663,60.649959688255905,61.66079234972684,0.31968474123930529,0.32233777213392517,0.10219833378124157,0.10390163934426226,53394611,"POLYGON((139.775 35.6833333333333, 139.7625 35.6833333333333, 139.7625 35.675, 139.775 35.675, 139.775 35.6833333333333))"
17,10,2,true,false,3.6352941176470588,5150,66.137370242214516,70.270955882352922,0.42694699556762478,0.440086889816358,0.1822837370242214,0.19367647058823523,53395514,"POLYGON((139.6875 35.7666666666667, 139.675 35.7666666666667, 139.675 35.7583333333333, 139.6875 35.7583333333333, 139.6875 35.7666666666667))"
5,4,0,true,false,3.18,371,59.303999999999995,74.13,1.153082824431966,1.2891857895586656,1.3296,1.662,53392587,"POLYGON((139.725 35.575, 139.7125 35.575, 139.7125 35.5666666666667, 139.725 35.5666666666667, 139.725 35.575))"
5,4,1,true,false,3.8,2526,-21.240000000000023,-26.550000000000029,0.23664319132398462,0.264575131106459,0.055999999999999987,0.069999999999999979,53393299,"POLYGON((139.375 35.6666666666667, 139.3625 35.6666666666667, 139.3625 35.6583333333333, 139.375 35.6583333333333, 139.375 35.6666666666667))"
5,4,2,true,false,4.0600000000000005,489,-7.3080000000000123,-9.1350000000000158,0.24979991993593598,0.27928480087537888,0.062400000000000025,0.078000000000000028,53393470,"POLYGON((139.5125 35.65, 139.5 35.65, 139.5 35.6416666666667, 139.5125 35.6416666666667, 139.5125 35.65))"
5,4,0,true,false,3.76,1349,13.271999999999991,16.589999999999989,0.20591260281974003,0.23021728866442678,0.042400000000000007,0.053000000000000005,53393522,"POLYGON((139.6625 35.6083333333333, 139.65 35.6083333333333, 139.65 35.6, 139.6625 35.6, 139.6625 35.6083333333333))"
7,4,3,true,false,3.9999999999999996,2415,-64.300000000000026,-75.0166666666667,0.42088342464732104,0.45460605656619524,0.17714285714285719,0.20666666666666669,53393692,"POLYGON((139.7875 35.6666666666667, 139.775 35.6666666666667, 139.775 35.6583333333333, 139.7875 35.6583333333333, 139.7875 35.6666666666667))"
5,4,2,true,false,4.02,811,20.755999999999975,25.944999999999968,0.20396078054371122,0.22803508501982739,0.041599999999999929,0.051999999999999907,53394474,"POLYGON((139.5625 35.7333333333333, 139.55 35.7333333333333, 139.55 35.725, 139.5625 35.725, 139.5625 35.7333333333333))"
8,6,2,true,false,3.8375,2046,18.834375000000019,21.525000000000023,0.338886042793149,0.362284418654736,0.11484375000000001,0.13125,53394532,"POLYGON((139.6625 35.7, 139.65 35.7, 139.65 35.6916666666667, 139.6625 35.6916666666667, 139.6625 35.7))"
65,19,25,true,false,3.903125,60347,188.493994140625,191.48596230158731,0.4599486214513529,0.46358463551514972,0.21155273437499994,0.21491071428571423,53394536,"POLYGON((139.7125 35.7, 139.7 35.7, 139.7 35.6916666666667, 139.7125 35.6916666666667, 139.7125 35.7))"
9,7,2,true,false,3.8777777777777778,2115,5.9777777777777388,6.7249999999999561,0.3224137361899313,0.34197140881138655,0.10395061728395062,0.11694444444444445,53394575,"POLYGON((139.7 35.7333333333333, 139.6875 35.7333333333333, 139.6875 35.725, 139.7 35.725, 139.7 35.7333333333333))"
8,6,3,true,false,3.8874999999999997,2632,13.662499999999964,15.614285714285673,0.27128168017763366,0.29001231500945396,0.0735937499999999,0.084107142857142742,53395234,"POLYGON((139.3125 35.7833333333333, 139.3 35.7833333333333, 139.3 35.775, 139.3125 35.775, 139.3125 35.7833333333333))"
6,5,2,true,false,3.6,694,6.4499999999999993,7.7399999999999993,0.72341781380702352,0.792464510246358,0.52333333333333343,0.62800000000000011,53395622,"POLYGON((139.7875 35.775, 139.775 35.775, 139.775 35.7666666666667, 139.7875 35.7666666666667, 139.7875 35.775))"